names,scores,logfoldchanges,pvals,pvals_adj,-log10_padj,significant
EIF2AK2,140.49612,4.2963433,0.0,0.0,300.0,True
MX1,81.22656,4.428481,0.0,0.0,300.0,True
BST2,60.476437,3.6067643,0.0,0.0,300.0,True
STAT1,41.792515,0.8495058,0.0,0.0,300.0,True
TYMP,40.79485,1.0309801,0.0,0.0,300.0,True
EPSTI1,40.77428,1.1166257,0.0,0.0,300.0,True
RNF213,40.08999,0.54803956,0.0,0.0,300.0,True
AOAH,39.043232,0.7763127,0.0,0.0,300.0,True
PARP14,38.989395,0.7752081,0.0,0.0,300.0,True
JAK2,38.946476,0.76822793,0.0,0.0,300.0,True
XAF1,38.88263,1.2890536,0.0,0.0,300.0,True
NEAT1,38.600037,0.62648505,0.0,0.0,300.0,True
SLC8A1,38.44579,1.0950568,0.0,0.0,300.0,True
IFI44L,37.50037,2.0223162,9.084247394215146e-308,2.21661692583779e-304,300.0,True
MYO1F,37.36228,0.6942089,1.6020839104803764e-305,3.664867075468266e-302,300.0,True
FCN1,36.94436,0.9276425,8.972563404317779e-299,1.7639526370130372e-295,294.7535130800659,True
IFI44,36.94381,1.644204,9.156880987745609e-299,1.7639526370130372e-295,294.7535130800659,True
DMXL2,36.623383,0.9279949,1.2142164180462338e-293,2.22207675584551e-290,289.653240943566,True
LYST,36.585033,0.6685723,4.947626207852496e-293,8.623241277790915e-290,289.06432946219496,True
TBXAS1,35.99349,0.8445613,1.0576181010457942e-283,1.6830382659294398e-280,279.77390600969676,True
ZEB2,35.81788,0.74813217,5.819152061882465e-281,8.874449359040005e-278,277.0518585844981,True
PLXDC2,35.76218,0.97181284,4.278190562475609e-280,6.263442111086791e-277,276.20318693212295,True
ARHGAP26,35.681786,0.6857663,7.576668961819204e-279,1.0665910025828642e-275,274.97200208420566,True
MCTP1,35.619556,0.9157,6.977775419484408e-278,9.459020671427732e-275,274.02415382543876,True
DPYD,34.694187,0.50860023,9.640112150430691e-264,1.2601348029211204e-260,259.8995829937449,True
PSAP,34.31197,0.64836586,5.2024567969717595e-258,6.566038662964255e-255,254.18269656433245,True
CTSS,34.288975,0.5542989,1.1456635797395346e-257,1.3977477560682233e-254,253.85457119628123,True
SAT1,34.20713,0.73796,1.894213107108837e-256,2.2364546430093723e-253,252.65043990522238,True
CYBB,33.900974,0.789658,6.445361729814754e-252,7.372083896029682e-249,248.1324097310526,True
MX2,33.55062,0.9543697,8.817272153197713e-247,9.779423578157256e-244,243.00968674277917,True
QKI,33.423717,0.5839202,6.202551055728947e-245,6.677046211492213e-242,241.17541561802642,True
VCAN,33.416206,0.9155675,7.973983836093357e-245,8.338736639567227e-242,241.0788997421711,True
LRMDA,33.08082,0.89404315,5.609963864045195e-240,5.703619094108837e-237,236.24384948575968,True
RBM47,32.869884,0.84368145,5.922323067309693e-237,5.858458015854112e-234,233.23221667806544,True
CLEC12A,32.5772,1.0874847,8.627140783582213e-233,8.309525784734016e-230,229.08042376020504,True
CD36,32.524994,0.9944943,4.7277273016450196e-232,4.3259886741877344e-229,228.36391462191594,True
DENND1A,32.510616,0.5832349,7.54890724770354e-232,6.738964735931641e-229,228.1714068162252,True
DOCK5,32.497948,0.7720934,1.1399358878407455e-231,9.933998435918836e-229,228.00287591271928,True
WDFY3,32.210464,0.82725006,1.2595625444677954e-227,1.0721220625596694e-224,223.96975576680902,True
IRAK3,32.190598,0.8294234,2.389417156346844e-227,1.987614939532973e-224,223.70166774762163,True
PLSCR1,32.18757,0.92462516,2.6344092284802958e-227,2.1427113815912737e-224,223.66903632350963,True
SBF2,32.109547,0.60317206,3.24418793776765e-226,2.5813157110920383e-223,222.58815887527015,True
SRGN,31.745522,0.5425168,3.660886815289496e-221,2.850896134604486e-218,217.54501860485462,True
DDX60L,31.447536,0.7188985,4.536164578788376e-217,3.458919994754861e-214,213.4610594831543,True
HCK,31.399248,0.8458936,2.071820821963201e-216,1.5475655898913292e-213,212.8103509353778,True
CLEC7A,31.333462,0.7945342,1.6346048627497051e-215,1.1965634516300394e-212,211.92206426657654,True
FNDC3B,31.291576,0.5448664,6.075434932825341e-215,4.3601371367909867e-212,211.36049985091148,True
VMP1,31.23207,0.5206904,3.911165396379106e-214,2.752933936016763e-211,210.5602042105346,True
TLR2,31.160204,0.78903484,3.689658585453557e-213,2.5480225261544458e-210,209.59379673687778,True
FGD4,31.132843,0.82836646,8.658809938517369e-213,5.8689093066606346e-210,209.2314426016674,True
ISG15,30.635042,3.9957194,4.1812776106704486e-206,2.638602445312916e-203,202.57862603941734,True
CPPED1,30.442486,0.8367406,1.5062199955579868e-203,9.343925094477606e-201,200.02947065173697,True
ATG7,30.41047,0.5449761,3.994060795454429e-203,2.4364436529071254e-200,199.61324362799886,True
NAMPT,30.386705,0.7460916,8.231650527301615e-203,4.93912526147158e-200,199.30634995952866,True
GAS7,30.320467,0.7382161,6.160377146159547e-202,3.63670909559009e-199,198.43929143725512,True
NUMB,30.293413,0.5626557,1.3998292369891418e-201,8.132563476672948e-199,198.08977253825685,True
SCLT1,30.22785,0.56061155,1.0201239082749324e-200,5.833992994807938e-198,197.23403409669493,True
LRRK2,30.09613,0.7457847,5.444533105202795e-199,3.0657747105158083e-196,195.51345976258494,True
TNFSF13B,29.851255,0.8611708,8.455319375874423e-196,4.688987037520906e-193,192.3289209678457,True
TNFRSF1B,29.706224,0.6097358,6.381212852956365e-194,3.485951815388894e-191,190.45767862022527,True
KYNU,29.702078,0.7459838,7.218429393595976e-194,3.885319621103034e-191,190.41057324868504,True
LINC00278,29.65349,0.63019055,3.0578163397980114e-193,1.6220164616369132e-190,189.78994474250354,True
ZSWIM6,29.60585,0.5517833,1.2563926381468736e-192,6.569318135544818e-190,189.18247970583417,True
RNF130,29.514559,0.6320216,1.8726594874966988e-191,9.65369153547418e-189,188.0153065823126,True
CSF3R,29.163301,0.76825476,5.66600167872315e-187,2.7650843659059465e-184,183.55829161333273,True
GNAQ,29.120455,0.5250619,1.977748026594073e-186,9.524678358074954e-184,183.02114968123468,True
CTBP2,29.081398,0.66809887,6.171093084487909e-186,2.9333529608485967e-183,182.53263567662867,True
MEGF9,28.915667,0.72629774,7.58667223340688e-184,3.514934055885129e-181,180.4540828184205,True
PTPRE,28.804026,0.5828062,1.9099147637519995e-182,8.738098783510868e-180,179.05858304993416,True
IL15,28.758417,0.77830195,7.108519421338444e-182,3.2120854239556594e-179,178.49321291337492,True
ACSL1,28.729013,0.7190212,1.6567565392639597e-181,7.394993426048803e-179,178.1310622077431,True
PECAM1,28.728317,0.7255842,1.6903346198062366e-181,7.45396836379856e-179,178.1276124548149,True
DISC1,28.6847,0.59778374,5.921182757417255e-181,2.5800144060027247e-178,177.5883778690639,True
COTL1,28.64558,0.6197027,1.8197087036734188e-180,7.744553286412884e-178,177.11100362772285,True
RAP1GAP2,28.56621,0.5597056,1.767107265488487e-179,7.434240577487829e-177,176.12876338892434,True
SPTLC2,28.386028,0.5807081,3.0081970861591096e-177,1.223366906116773e-174,173.91244327198703,True
FAM49A,27.957571,0.62240505,5.333512010612619e-172,2.033457011462838e-169,168.69176500441594,True
IL17RA,27.771372,0.5981408,9.619783776887589e-170,3.629832020802707e-167,166.44011347251939,True
NOTCH2,27.746914,0.5601854,1.8985200673525706e-169,7.090584998486881e-167,166.14931793249903,True
SRGAP2,27.73811,0.66985404,2.424552983131199e-169,8.963743811675252e-167,166.04751056431522,True
CPNE8,27.599749,0.666352,1.1204341083182477e-167,4.1009008798556187e-165,164.38712072762837,True
MAML3,27.532125,0.6891697,7.244637347754188e-167,2.5996173682857943e-164,163.5850905701334,True
NCF2,27.49389,0.7304495,2.077209557692141e-166,7.381354079717483e-164,163.1318639612926,True
SLC11A1,27.442463,0.7405499,8.54648878938185e-166,3.007788809424664e-163,162.52175266080692,True
GRK3,27.43025,0.6078835,1.1953997476514505e-165,4.166935825122928e-163,162.38018318804995,True
JAML,27.411385,0.7419619,2.0066206364769453e-165,6.928709614687989e-163,162.15934763976074,True
EVI5,27.219442,0.61482525,3.823918148664235e-163,1.2840296161399971e-160,159.89142495915047,True
MNDA,27.211075,0.7336171,4.803366671341082e-163,1.5982547594341358e-160,159.796353993609,True
TRIM25,27.10532,0.8076417,8.522737911458057e-162,2.7605374362590826e-159,158.55900635892033,True
RIN2,26.910503,0.9604057,1.6549117810018108e-159,5.2670805301258506e-157,156.27843004152064,True
ATP11A,26.84,0.5395306,1.103604438061392e-158,3.482157417024569e-156,155.45815159973225,True
CREB5,26.778854,0.901005,5.6980873068045244e-158,1.782527295011559e-155,154.74896381127573,True
PLCB1,26.773312,0.62335515,6.611039528105331e-158,2.0505987946456204e-155,154.68811930224294,True
SKAP2,26.743343,0.6457926,1.4758039553674626e-157,4.539151308437353e-155,154.3430253402084,True
TMTC2,26.732214,0.7141501,1.988090939213e-157,6.0638430388445834e-155,154.21725204884135,True
CPVL,26.710705,0.8153479,3.5351050589931236e-157,1.0693254567289862e-154,153.97089009408984,True
BAZ2B,26.451323,0.5169986,3.5231414486921104e-154,1.0399233884159671e-151,150.982998654176,True
STK3,26.407856,0.69226867,1.1131445326938237e-153,3.233508177867194e-151,150.4903260363411,True
STX11,26.176067,0.6767688,4.9780051072929435e-151,1.4234372260314766e-148,147.8466616805994,True
WARS,26.16836,0.75923496,6.092314668708972e-151,1.7285644123210628e-148,147.7623144324974,True
PLEK,26.121399,0.6081924,2.0834460179698053e-150,5.865862131054834e-148,147.23166814872434,True
USP32,26.120619,0.5400929,2.1263343454439684e-150,5.9409132349308925e-148,147.226146790304,True
LYZ,26.038538,0.5272885,1.814179119121947e-149,4.9925390931565705e-147,146.3016785257811,True
PLXNC1,26.00457,0.5946411,4.39647380486362e-149,1.1919654646800989e-146,145.92373632741135,True
DUSP1,25.939758,0.5587821,2.3726382127849446e-148,6.3853625901574815e-146,145.19481443646893,True
VSIR,25.906738,0.54276633,5.5915895206878324e-148,1.483027304686198e-145,144.82885085290596,True
FOS,25.876549,0.664269,1.2232534279028457e-147,3.2210286845087806e-145,144.49200540760242,True
SYK,25.874376,0.539905,1.2940539209732682e-147,3.383119111538756e-145,144.47068271147202,True
SPI1,25.863115,0.7078044,1.7324564869016994e-147,4.4971375799353965e-145,144.3470638259538,True
TCF7L2,25.471603,0.80385005,4.069438305564823e-143,1.0272104235998488e-140,139.9883405822572,True
POU2F2,25.449326,0.53311086,7.182026759696817e-143,1.8004750782990624e-140,139.74461288564072,True
RTN1,25.434017,0.9341702,1.0608139096111716e-142,2.6234358044377364e-140,139.5811295585362,True
STAT2,25.403805,0.8796965,2.2891495486298758e-142,5.623165277141079e-140,139.25001915143716,True
DAPK1,25.357698,0.8523176,7.39057681736728e-142,1.803350013949732e-139,138.74391997245996,True
LRP1,25.348999,0.7796631,9.217745334925256e-142,2.234296006646353e-139,138.6508592906935,True
EMILIN2,25.341085,0.6176703,1.1268253163503084e-141,2.713350881824845e-139,138.56649404103868,True
ACER3,25.227869,0.6226935,1.981598086525445e-140,4.740422978099203e-138,137.32418290540213,True
FGR,25.167755,0.6230884,9.034582666264208e-140,2.1472387023891964e-137,136.6681196736038,True
C9orf72,25.154821,0.55300987,1.2515542953988231e-139,2.9553637913478917e-137,136.52938905188915,True
ADAMTSL4-AS1,25.100441,0.5830297,4.9185523165276316e-139,1.146649256925018e-136,135.94056940605407,True
TNS3,24.728868,0.73430115,5.233732382554919e-135,1.189812664185668e-132,131.9245214128218,True
ADGRE2,24.682241,0.7448219,1.6592846822365233e-134,3.748856707070308e-132,131.42610115934318,True
IFI30,24.671135,0.71443737,2.183383754446376e-134,4.902701153159007e-132,131.30956457860566,True
KIF13A,24.602953,0.61664975,1.1745157804684235e-133,2.605360732177259e-131,130.58413213679907,True
FGL2,24.483232,0.6512558,2.228754079826733e-132,4.88470826800828e-130,129.31116136876764,True
PIK3AP1,24.357986,0.66058093,4.770942965068536e-131,1.0332620323341626e-128,127.98578952865849,True
PARP9,24.333452,0.8946926,8.678889327257164e-131,1.868564872158467e-128,127.72849181987408,True
MS4A6A,24.198595,0.8293736,2.3018187216694897e-129,4.8698767070419065e-127,126.31248203388375,True
TMEM170B,24.158236,0.66333187,6.11764194961313e-129,1.2794960742730867e-126,125.89296104226929,True
HDAC9,24.053223,0.6103783,7.724091266892688e-128,1.5972286127657587e-125,124.7966329184533,True
FRMD4B,23.752182,0.8495663,1.043148090260621e-124,2.1094068094822648e-122,121.6758396563554,True
MXD1,23.74484,0.57212496,1.2422043059120664e-124,2.498127461576239e-122,121.60238540645548,True
GLT1D1,23.74032,0.7439483,1.383197012253463e-124,2.766469609043115e-122,121.55807409635074,True
RAB31,23.735882,0.55476856,1.5372124212205916e-124,3.0577995559290696e-122,121.51459098674812,True
CD86,23.502497,0.69417906,3.84587766006921e-122,7.567901518074901e-120,119.1210245280908,True
PRAM1,23.485743,0.8275467,5.704965370243414e-122,1.1166173129212793e-119,118.95209564278696,True
ZMIZ1,23.458267,0.60850286,1.0885206322461544e-121,2.107986437081561e-119,118.67613218772874,True
ZNF710,23.44412,0.677563,1.5176896630042309e-121,2.90832247935172e-119,118.53635743989066,True
ARRB1,23.28432,0.63529307,6.391616639903798e-120,1.218435211651661e-117,116.91419755878147,True
TNFAIP2,23.248201,0.72230166,1.483392789858444e-119,2.7986422423509743e-117,116.55305261496835,True
TENT5A,23.1851,0.6335366,6.43667506740889e-119,1.2019833884807797e-116,115.92010153428086,True
ZNF106,22.990894,0.5010713,5.749258952936231e-117,1.0469085917234775e-114,113.98009123603187,True
ITGAX,22.881353,0.6110535,7.125530751560815e-116,1.2847367046200852e-113,112.89118586801135,True
MICAL2,22.741623,0.615743,1.736850734802366e-114,3.1161996933579118e-112,111.5063747195025,True
SERPINA1,22.72963,0.7361969,2.2824992715721702e-114,4.0752076018933173e-112,111.38985026224667,True
ASAH1,22.507769,0.52378255,3.4836181384516823e-112,6.071614642165239e-110,109.21669580036885,True
HRH2,22.39625,0.84052014,4.281351084304161e-111,7.356888781061812e-109,108.13330580942389,True
ZFHX3,22.181978,0.64274997,5.127340179026347e-109,8.6085219216763e-107,106.06507141026125,True
LILRB2,21.864906,0.9339428,5.607965759946808e-106,9.082174990257219e-104,103.04181013461178,True
LPCAT2,21.835629,0.841872,1.0646845032816676e-105,1.7166747799388686e-103,102.76531197313031,True
MAP3K20,21.740057,0.6299631,8.579207861201112e-105,1.3476720469005232e-102,101.87041577957356,True
PILRA,21.727278,0.67200565,1.1332281529514754e-104,1.7725334882981604e-102,101.75140555098511,True
CTSD,21.643269,0.587261,7.033665927947853e-104,1.0908440958848275e-101,100.96223731461345,True
FCGR2A,21.601044,0.95608145,1.7560555351090153e-103,2.711957326604433e-101,100.56671714849452,True
SRGAP2B,21.568434,0.6851853,3.5552330547773776e-103,5.46744054781121e-101,100.2622159307225,True
TFEC,21.5627,0.967216,4.0243366950930373e-103,6.162960141301265e-101,100.21021064104247,True
ADA2,21.558378,0.58173245,4.418277713006052e-103,6.738057607238938e-101,100.17146528032447,True
PID1,21.538969,0.7269171,6.718582702213464e-103,1.0203603547042116e-100,99.99124642390356,True
MPEG1,21.414692,0.69151515,9.74880436148761e-102,1.4504714977024716e-99,98.83849080082351,True
TBC1D8,21.392946,0.7014533,1.5542331019579907e-101,2.303096589666576e-99,98.63768784775893,True
CST3,21.32718,0.61102265,6.352264801479268e-101,9.3749695160864e-99,98.02803013576205,True
RNF144B,21.196196,0.5270602,1.035359861230488e-99,1.5037780270197261e-97,96.82281626531024,True
TNFSF10,21.11959,0.8427915,5.254750998836387e-99,7.542319266996496e-97,96.12249508782007,True
MYOF,21.110659,1.0678362,6.3481296203690825e-99,9.076089540434718e-97,96.04210122822067,True
SHTN1,20.881048,0.7802942,7.962576821964978e-97,1.1209164394643852e-94,93.95042676138551,True
BMP2K,20.818403,0.5020515,2.9485171339084993e-96,4.134815157784864e-94,93.38354390031901,True
CTSB,20.699482,0.5462543,3.5011910554393976e-95,4.817559918050278e-93,92.31717287513295,True
DYSF,20.646183,1.0554951,1.05644086171135e-94,1.4427907455036239e-92,91.84079665204095,True
CSF2RA,20.60126,0.6693917,2.674040849326043e-94,3.6383854693748144e-92,91.43909129143138,True
RTN3,20.600735,0.5806043,2.703094061254893e-94,3.6642942865181614e-92,91.43600965457881,True
SLC24A4,20.571299,0.8304206,4.961948112926674e-94,6.652463841803267e-92,91.17701747729487,True
AP1S2,20.501457,0.55402213,2.089399408937988e-93,2.7708010060340325e-91,90.55739466334971,True
SAMD9L,20.489414,0.8821723,2.675901539734624e-93,3.5357643413655944e-91,90.45151668841437,True
ZNF438,20.481195,0.59598637,3.16786696935745e-93,4.170758954872376e-91,90.3797849090738,True
IRF7,20.436806,4.1087713,7.872690117787149e-93,1.025438900359884e-90,89.98909021147998,True
UBE2D1,20.310572,0.61715186,1.0369173864469764e-91,1.3270004636834189e-89,88.8771289253834,True
APOL6,20.283133,0.502653,1.8121808411899518e-91,2.311067281128691e-89,88.63618741090445,True
ALOX5,20.207497,0.5764194,8.410800952571222e-91,1.0578822187802724e-88,87.97556268256665,True
EPB41L3,20.165632,0.6936302,1.9622138395865353e-90,2.4428227463505703e-88,87.61210804472312,True
AC022217.3,20.1597,0.5125602,2.212153746552989e-90,2.744645399240202e-88,87.56151375726165,True
PSTPIP2,20.104805,0.5900228,6.698446409051446e-90,8.254876667262357e-88,87.08328941096903,True
KSR1,20.086794,0.64729524,9.62836457101359e-90,1.178621309911935e-87,86.92862571096401,True
SPECC1,20.060232,0.68615437,1.6431645908927846e-89,1.9980553884141795e-87,86.6993924767961,True
ATP8B4,20.045752,0.7064695,2.1983642851206642e-89,2.6643156026391205e-87,86.57441433191678,True
LAP3,20.004776,0.8045606,5.0043411274009656e-89,6.02512794750009e-87,86.22003372613014,True
RASSF2,19.972399,0.5098737,9.57448532398141e-89,1.1414844864594251e-86,85.94252998648723,True
CD300E,19.937843,0.73464495,1.911273727945216e-88,2.2712509648221706e-86,85.64373487519657,True
BCL6,19.899675,0.5401016,4.095796037721503e-88,4.8358138960207975e-86,85.31553042110457,True
TYROBP,19.832218,0.54691947,1.5696293786327287e-87,1.8413463104915545e-85,84.73486452404822,True
PPM1L,19.816872,0.5103568,2.129399842993076e-87,2.4900371774245864e-85,84.60379416863526,True
FCER1G,19.719772,0.64561796,1.4588454228801466e-86,1.6843912089222788e-84,83.77355703389064,True
SH3BP2,19.713482,0.53832245,1.651999635385589e-86,1.901410020589558e-84,83.72092422165184,True
CTNNA1,19.62306,0.5771231,9.825800515580726e-86,1.1168761635738204e-83,82.9519949776973,True
CDC42EP3,19.61735,0.52084,1.0993737763331484e-85,1.2457640739185626e-83,82.90456419772251,True
PDLIM5,19.61166,0.51017034,1.2295480467685677e-85,1.3889718536968006e-83,82.85730655477212,True
RNF24,19.593107,0.5518431,1.7705060186213057e-85,1.993916639617182e-83,82.70029300234886,True
OAS3,19.550364,1.8247449,4.095847639213568e-85,4.5704914464285306e-83,82.34003709949319,True
OSCAR,19.544971,0.9278421,4.552543396297062e-85,5.064669934585677e-83,82.29544885242787,True
RGS2,19.3619,0.52827173,1.618075709801397e-83,1.7625949123345515e-81,80.75384748778716,True
SCO2,19.350857,1.1263599,2.0048119085503613e-83,2.1773923045950077e-81,80.66206331630963,True
DUSP6,19.321035,0.7168303,3.5740604525834386e-83,3.8588255641594813e-81,80.41354485300032,True
MIDN,19.248272,0.512648,1.4595178615153256e-82,1.566563438396552e-80,79.80505201355743,True
LRRK1,19.10186,0.70111567,2.436519036451368e-81,2.5552731591162325e-79,78.59256266689687,True
ANKS1A,19.09061,0.5060885,3.02217808664828e-81,3.1604211471261064e-79,78.5002550408987,True
CEBPD,19.029675,0.5464845,9.68534266743884e-81,1.0042301047335098e-78,77.99816676351966,True
GCA,18.998953,0.593258,1.739815168103572e-80,1.7887352519033383e-78,77.74745393396923,True
TNRC18,18.989862,0.532719,2.0687049668803342e-80,2.1209151398539808e-78,77.6734767077354,True
MARCKS,18.98004,0.6430145,2.494062572050772e-80,2.5498654804366003e-78,77.59348273040726,True
GLUL,18.947472,0.61322683,4.6330812444342306e-80,4.723548931129171e-78,77.32573158143843,True
TLR4,18.926682,0.73394215,6.875999536366508e-80,6.990790528626404e-78,77.15547371083403,True
S100Z,18.913946,0.87760043,8.755215649465235e-80,8.87672155086086e-78,77.05174740305777,True
IFIT3,18.851948,5.380064,2.832205617697534e-79,2.855690297888359e-77,76.54428889395864,True
CNTLN,18.786674,0.86178076,9.707425542025896e-79,9.707690772231962e-77,76.01288406609085,True
GLIPR2,18.735817,0.5275304,2.527284633403245e-78,2.5204671625937923e-76,75.59851895630844,True
GASK1B,18.722027,1.0023785,3.274459222805071e-78,3.2567522286382716e-76,75.48721528098943,True
APOBEC3A,18.63038,1.1809559,1.8222066088565784e-77,1.7928651637300975e-75,74.74645237125763,True
SUSD1,18.546762,0.51499486,8.661317990900499e-77,8.408830233022524e-75,74.07526441545986,True
KDM1B,18.50925,0.6007901,1.738999957817751e-76,1.674977301475987e-74,73.77599107394686,True
FKBP15,18.448933,0.6239393,5.3185645032827315e-76,5.082631315526143e-74,73.29391139205605,True
CCR1,18.309725,0.8898081,6.921756874929713e-75,6.462837331104654e-73,72.18957677508347,True
ANKRD13D,18.279016,0.50561243,1.2160099643957709e-74,1.1324982368155117e-72,71.9459624654669,True
CHST15,18.223381,0.53574663,3.3669741875610898e-74,3.111985410073825e-72,71.50696244778109,True
ANKFY1,18.193148,0.5366257,5.848277381980745e-74,5.364731841049554e-72,71.27045198159422,True
GPD2,18.141327,0.5060872,1.5035732140661912e-73,1.3758070802009165e-71,70.8614424599073,True
RXRA,18.094002,0.66637737,3.5532749306975966e-73,3.235159595484148e-71,70.49010429004058,True
NACC2,18.034388,0.6239661,1.0464862551797905e-72,9.504328393507571e-71,70.02207856636285,True
FLVCR2,17.73718,0.6751224,2.165318116284636e-70,1.942470793483675e-68,67.71164550242369,True
GCH1,17.70624,0.6287261,3.753272262682764e-70,3.350573611864679e-68,67.47488083620428,True
SIRPB2,17.65284,0.7465832,9.676564886043656e-70,8.575592043440286e-68,67.06673588734077,True
ITSN1,17.637943,0.84308404,1.2596291064687356e-69,1.1136155779193766e-67,66.9532647025206,True
SNX10,17.590229,0.50135803,2.9269497611470325e-69,2.5752232742245804e-67,66.58918511125968,True
GRN,17.485672,0.6489555,1.8422957871242379e-68,1.5978641730932285e-66,65.79646014078124,True
TIMP2,17.426054,0.6176888,5.233482807358827e-68,4.5070753936974225e-66,65.34610517705374,True
PLAUR,17.3932,0.5328347,9.290098543657428e-68,7.963159175559848e-66,65.09891460307615,True
CR1,17.38104,0.7652321,1.1485042296150158e-67,9.798695409822656e-66,65.0088317420657,True
EHBP1L1,17.213474,0.58110887,2.104237432890215e-66,1.7664494101196044e-64,63.752898795942414,True
FAM20A,17.211521,1.1203728,2.1763966560944653e-66,1.818682511637295e-64,63.7402431093359,True
CAMKK2,17.191132,0.627194,3.0943469339153115e-66,2.5798677022376842e-64,63.58840256444813,True
NRG1,16.939669,1.2223971,2.2941646539273743e-64,1.845466384580128e-62,61.73389386112902,True
FGD2,16.906895,1.1036788,4.002544697143407e-64,3.1847204013075183e-62,61.496928690016055,True
GNB4,16.704584,0.6252379,1.213703421252632e-62,9.451650834312251e-61,60.02449233057886,True
DDX60,16.698767,0.6523516,1.338006866077095e-62,1.0397534884349844e-60,59.98306961387669,True
GNS,16.606085,0.5984156,6.297184332526267e-62,4.8218251831546844e-60,59.31678853916129,True
AIF1,16.479012,0.55968,5.1927488255733385e-61,3.9431493727138963e-59,58.4041567708556,True
BID,16.475693,0.50234425,5.4856455646514866e-61,4.156938163805571e-59,58.38122643575786,True
VASP,16.470596,0.5162397,5.967965519166375e-61,4.513088966260506e-59,58.34552610517359,True
ITPK1,16.377617,0.50851864,2.763584615428974e-60,2.0517233369029603e-58,57.687881201726405,True
TEX14,16.362339,0.50587493,3.552139180698725e-60,2.6318187480314587e-58,57.57974402366002,True
PLBD1,16.355078,0.6796383,4.002025810250656e-60,2.9591544784037226e-58,57.528832362528746,True
ADAP2,16.278717,0.7138278,1.3976727779316438e-59,1.0251747764544306e-57,56.989202087799356,True
MS4A7,16.187435,0.8465655,6.185415252511746e-59,4.4830174981620274e-57,56.34842956598801,True
MAFB,16.168701,0.5565466,8.384843114686834e-59,6.053129050111496e-57,56.21802006701692,True
LILRB1,16.163843,0.8785893,9.07247857754199e-59,6.536649378279813e-57,56.18464480968945,True
LTA4H,16.157953,0.55712295,9.982231140541082e-59,7.177989036835839e-57,56.14399720931364,True
ITGAM,16.071402,0.65755284,4.048331319696383e-58,2.888362078600533e-56,55.539348365506264,True
EGR1,16.015358,1.0230513,9.983027222682757e-58,7.040246230778641e-56,55.152412151255845,True
PLXNB2,16.006159,0.7435262,1.1573725190496488e-57,8.1307085546518595e-56,55.089871605947536,True
MGAT1,15.982231,0.5085746,1.6995163504346158e-57,1.1781060216336623e-55,54.9288156242021,True
SORT1,15.942543,0.84785134,3.210185554880244e-57,2.2127307249373223e-55,54.65507143369554,True
ARID3A,15.936041,0.6472205,3.562217723656646e-57,2.446167559166171e-55,54.61151379769676,True
ARHGAP31,15.777447,0.59570026,4.448210630200741e-56,3.003855300294785e-54,53.52232099170684,True
NCF1,15.677105,0.55385524,2.169164223289805e-55,1.4382894879824302e-53,52.84215369366092,True
MAN2B1,15.6670265,0.5158927,2.5419466984150607e-55,1.6763565965529662e-53,52.77563359224381,True
SLC2A9,15.60316,0.65874314,6.927874853235775e-55,4.536084928502372e-53,52.343318822802395,True
LILRB3,15.499036,0.7319869,3.521343998362337e-54,2.2730989715001746e-52,51.643381654534316,True
CLMN,15.390039,0.54998684,1.9091692720190801e-53,1.2195026967743517e-51,50.91381723496245,True
MS4A4E,15.28557,0.9013801,9.542410832983065e-53,6.011390342478711e-51,50.221025070720366,True
AC090559.1,15.256796,0.74185926,1.48357421096282e-52,9.282102512042765e-51,50.032353639518725,True
NLRP3,15.23732,0.5139821,1.999039048419477e-52,1.2443338131156682e-50,49.905063097340815,True
SIRPA,15.185908,0.5838592,4.3844501138315656e-52,2.7061595044915537e-50,49.56764660911349,True
HERC5,15.137139,0.7511959,9.21353938410392e-52,5.658133473113886e-50,49.247326811924424,True
AL034397.3,15.125526,0.7871321,1.0991839712824589e-51,6.727630858346032e-50,49.17213784607184,True
SGMS2,15.077259,0.5710372,2.2856174101129106e-51,1.3781858785427122e-49,48.86069220435777,True
SH2D3C,15.034573,0.6102201,4.358495672301599e-51,2.615168854129685e-49,48.58250026471285,True
DDX58,14.985751,0.62733907,9.099110910707957e-51,5.4152285925662106e-49,48.26638320581711,True
AC007952.4,14.938232,0.5976116,1.858392856262227e-50,1.1006316655672131e-48,47.95835799653733,True
PLA2G4A,14.863417,0.7361088,5.694566342351467e-50,3.35630954422554e-48,47.47413799207765,True
KCTD12,14.858455,0.6062239,6.132342670337627e-50,3.6085188758364544e-48,47.44267101860504,True
NADK,14.717749,0.661561,4.958950922443514e-49,2.8673390633863355e-47,46.54252094861229,True
RGS18,14.6046295,0.6689287,2.624039317979597e-48,1.4936619452157268e-46,45.8257476836051,True
PNPT1,14.597938,0.61255604,2.8947132038045767e-48,1.6451769871498655e-46,45.783787374061795,True
P2RX7,14.535534,0.70067894,7.21489551427679e-48,4.079370729793501e-46,45.389406824570784,True
CMPK2,14.524815,1.890334,8.436993978058153e-48,4.758126603866047e-46,45.322564006470905,True
DPYSL2,14.5000305,0.6391183,1.210967434960985e-47,6.8083900287261165e-46,45.16695557300695,True
CTSZ,14.468311,0.61707544,1.921317169716108e-47,1.0752619224583988e-45,44.968485733308455,True
DOCK4,14.459439,0.5326608,2.1857171053408468e-47,1.2213653705737457e-45,44.91315439773621,True
TBC1D2,14.443812,0.717009,2.74242924237211e-47,1.5301166570131345e-45,44.81527545704794,True
NFAM1,14.424663,0.8246518,3.620352269047649e-47,2.010751341417496e-45,44.696641632897695,True
CD14,14.406682,0.62613064,4.697436848274383e-47,2.6010724067124162e-45,44.584847558070194,True
NHSL1,14.360948,0.8946458,9.09744486846038e-47,4.999633327785561e-45,44.301061845575724,True
NLRP12,14.358723,0.85745484,9.394272634520596e-47,5.155019080900874e-45,44.28776972287035,True
RSAD2,14.351893,1.7893409,1.0366775123194418e-46,5.680154734790999e-45,44.24563983338219,True
LATS2,14.346262,0.50874114,1.1243631073980472e-46,6.15139224123706e-45,44.211026579467294,True
S100A11,14.300884,0.50611365,2.1604712806835287e-46,1.1714875458414493e-44,43.931262324054714,True
FAM198B-AS1,14.273926,1.0841178,3.1815190942362994e-46,1.7200410689533646e-44,43.764461183437284,True
PDGFC,14.223525,0.76716655,6.546998678956404e-46,3.5291119094032884e-44,43.45233456978803,True
HLA-DRB5,14.180861,0.5697734,1.2036036596753105e-45,6.45939846741584e-44,43.18980792386958,True
CCDC200,14.126315,0.8023929,2.614708221941269e-45,1.3829614975617396e-43,42.859189910728894,True
SIGLEC1,14.096202,2.505237,4.007673547914698e-45,2.1105735183773506e-43,42.67559951530796,True
NPL,14.0933895,0.7891313,4.1705448903636265e-45,2.193191286382171e-43,42.658923488250736,True
INSR,14.089579,0.676351,4.4018302348454143e-45,2.3114976818590675e-43,42.63610653776833,True
AQP9,14.02339,0.5372058,1.1212887524148207e-44,5.7884752647580895e-43,42.23743581819084,True
VCAN-AS1,13.9387245,0.60890794,3.6846775227432544e-44,1.8757007233647544e-42,41.72683645410178,True
FGD6,13.870624,0.70463604,9.544337704080628e-44,4.831705453762864e-42,41.31589954866351,True
RASSF4,13.842204,0.8050981,1.4179074283953445e-43,7.158183418854896e-42,41.145197177589495,True
MBOAT1,13.839075,0.55224454,1.4809893665195841e-43,7.466348733331031e-42,41.126891729193495,True
RCBTB2,13.771564,0.54296654,3.7794585155806856e-43,1.8923660893128408e-41,40.72299484299309,True
LINC02432,13.760825,1.355357,4.3849327376941846e-43,2.1925262722997926e-41,40.659055193927045,True
PTPN18,13.741683,0.5292109,5.713214719513158e-43,2.852788157556632e-41,40.54473047700049,True
FAR2,13.648368,0.55179703,2.0645068066139318e-42,1.01155306062753e-40,39.99501133154533,True
CYFIP1,13.595184,0.5775598,4.276806968832912e-42,2.0760664703747133e-40,39.68275874559487,True
OAS1,13.481094,1.2581059,2.0208719535461319e-41,9.630981037987237e-40,39.016329472202166,True
ARHGEF11,13.47425,0.72362405,2.2172638906074735e-41,1.0553195794554503e-39,38.97661600427437,True
DGKG,13.358953,0.56449217,1.050307487361418e-40,4.9285005570404194e-39,38.30728519002368,True
CSF1R,13.356172,0.8891076,1.0902880349360006e-40,5.109556000856923e-39,38.29161683660804,True
LDLRAD3,13.3336,0.77216446,1.4760008870948844e-40,6.873169016356217e-39,38.16284297633416,True
TGFBI,13.286148,0.5946575,2.785512297815685e-40,1.2856561867888006e-38,37.890875155940485,True
PPM1F,13.267827,0.61027366,3.5574653696808277e-40,1.6337112922921955e-38,37.78682468907815,True
TMEM144,13.244886,1.0693886,4.830143632930647e-40,2.2126168599361027e-38,37.655093782648144,True
HSH2D,13.209606,0.5081695,7.722754475169186e-40,3.528845649758644e-38,37.45236733708466,True
KIAA0513,13.178768,0.6498912,1.1627341302969828e-39,5.280053585980133e-38,37.27736166989471,True
CD68,13.17013,0.6576052,1.3037302873987571e-39,5.905672308054692e-38,37.22873065468755,True
OAS2,13.141336,0.98791826,1.9082721955676663e-39,8.612166538837504e-38,37.064887580543996,True
SLC8A1-AS1,13.14101,0.7985759,1.916497203579156e-39,8.638634747315357e-38,37.063554888141205,True
PTAFR,13.130553,0.6297828,2.2004299328438292e-39,9.894095328257616e-38,37.00462390958364,True
GCNT2,13.106501,0.59618366,3.0222659711627425e-39,1.3572755436874546e-37,36.86733197624947,True
PRKCD,13.080591,0.5711739,4.2512087845899445e-39,1.8952313364771808e-37,36.722337771435456,True
BCL2A1,13.047628,0.64921767,6.555641708653836e-39,2.897862828242018e-37,36.53792217592057,True
IFI6,13.016525,1.1320758,9.855431402407731e-39,4.335560634128911e-37,36.36295473565823,True
LPAR1,12.979964,0.8231928,1.5895529133457056e-38,6.967571997768405e-37,36.15691853491147,True
PML,12.963746,0.68616354,1.9641720826693131e-38,8.55841219021185e-37,36.06760680085937,True
ALDH2,12.838971,0.6841475,9.918435377360442e-38,4.265859615120676e-36,35.369993440818526,True
FBN2,12.812137,0.92037714,1.4021937586740538e-37,6.009566014195438e-36,35.22115688980184,True
NOD2,12.740937,0.6889691,3.5016433021949403e-37,1.4850943974928969e-35,34.828245940281235,True
LINC00937,12.724508,0.6796771,4.321877448004452e-37,1.8266170493580936e-35,34.738352493032366,True
GRAMD1B,12.715822,0.5417993,4.830011780689407e-37,2.0390226203577045e-35,34.69057795625127,True
ARHGAP27,12.715253,0.67913526,4.865306370150487e-37,2.0515562033856907e-35,34.68791658082433,True
OASL,12.642784,1.75073,1.2263289519316716e-36,5.123843147220447e-35,34.29040417349005,True
KIAA0930,12.627935,0.7240785,1.4811299033144095e-36,6.160322226273945e-35,34.21039657071987,True
UNC93B1,12.601539,0.612627,2.0706643931694968e-36,8.592787693242261e-35,34.06586591842891,True
LY86,12.577426,0.7393858,2.8103960676058597e-36,1.1622972482535827e-34,33.9346827903901,True
KIAA1958,12.393201,0.50411445,2.844588604403162e-35,1.1581177698527266e-33,32.936247274635775,True
BLVRA,12.39217,0.6043627,2.8814082784126725e-35,1.1718047155353579e-33,32.931144758652394,True
MLKL,12.365023,0.62061465,4.040989601923114e-35,1.6289015464756378e-33,32.78810516438057,True
CDH23,12.336381,0.5466041,5.769151349445052e-35,2.3127788449182727e-33,32.63586589382844,True
FPR1,12.271278,0.57163846,1.2919717227556672e-34,5.168028090118053e-33,32.28667513445761,True
IRF9,12.208048,0.5089116,2.815654981676218e-34,1.1177417351879746e-32,31.95165853271068,True
TCIRG1,12.178798,0.5336589,4.031802570317097e-34,1.5918878735294075e-32,31.798087525557136,True
CASP1,12.173511,0.59701055,4.301749980453959e-34,1.696641713734864e-32,31.77040985961293,True
NAGK,12.172067,0.5466465,4.378523140781817e-34,1.725062706951079e-32,31.763195113467315,True
DOK3,12.053445,0.6693493,1.8600980028199378e-33,7.242707127788567e-32,31.140099075942032,True
LGALS9,12.029027,0.7713316,2.50089622983744e-33,9.706818972246035e-32,31.01292306969469,True
PFKFB4,12.022624,0.8905424,2.7025109375699948e-33,1.0467153738200994e-31,30.980171397007155,True
LIN7A,11.957519,0.635384,5.930784795440249e-33,2.287383080062261e-31,30.64066109572338,True
KCNE1,11.954314,0.70740205,6.164003500075737e-33,2.3723311472794118e-31,30.624824689085905,True
NHSL2,11.93173,0.75248086,8.08746223294403e-33,3.096330598200674e-31,30.509152675473292,True
LST1,11.874238,0.6127753,1.610944391060984e-32,6.13550214955495e-31,30.21214988740212,True
TTYH3,11.79209,0.5354524,4.287631277478367e-32,1.6178514679070693e-30,29.79106135270482,True
HK3,11.739716,0.90213615,7.97538419658677e-32,2.9786432344823717e-30,29.525981511076424,True
SH3RF1,11.724916,0.76245886,9.499475592962076e-32,3.5442436919266555e-30,29.45047642492818,True
PYGL,11.6215315,0.7056641,3.2034186251704703e-31,1.185524015165464e-29,28.926089644091356,True
AC020916.1,11.534933,0.51458615,8.795523106349331e-31,3.2096205505034084e-29,28.493546307957516,True
CTIF,11.512169,0.74775356,1.1456015392621942e-30,4.1680081449836556e-29,28.38007144102379,True
TSHZ3,11.450023,0.642231,2.350852412501823e-30,8.460525973449284e-29,28.072602636929524,True
NBEAL2,11.426879,0.5270935,3.0694241705098653e-30,1.1024925815979547e-28,27.95762432411129,True
PPARGC1B,11.328527,0.6923813,9.478441383952952e-30,3.3583778615107643e-28,27.47387044162953,True
LAT2,11.279391,0.55757695,1.6589026094799952e-29,5.827014818577476e-28,27.23455387746189,True
SASH1,11.223278,0.9725673,3.134316063542096e-29,1.0936044064986103e-27,26.961139748518715,True
ACPP,11.219877,0.8388856,3.257221592324379e-29,1.135405404768234e-27,26.944849042772724,True
FCGR3A,11.179385,0.60969955,5.144524559472922e-29,1.78309416099686e-27,26.748825722151857,True
SIPA1L2,11.07773,0.7202402,1.6090075769270194e-28,5.473167873894596e-27,26.261761230902266,True
MITF,11.047202,0.7135963,2.261529102458063e-28,7.614924257503916e-27,26.118334412053702,True
PLD1,10.937569,0.56240666,7.621656294906289e-28,2.5245270773743442e-26,25.597819966821852,True
IFITM3,10.929968,1.0574422,8.28774472951645e-28,2.742674004023793e-26,25.56182580984618,True
PLCB2,10.820776,0.5011908,2.7444443066848955e-27,8.912990778081088e-26,25.04997654282376,True
HERC6,10.812177,0.5372812,3.014321367352415e-27,9.780778046672494e-26,25.009626596343647,True
UGGT2,10.708149,0.59924704,9.32071366062665e-27,2.989898691433795e-25,24.524343526891847,True
AP000763.3,10.680175,0.84583485,1.2603370767193951e-26,4.014760430374811e-25,24.396340364923393,True
HELZ2,10.676541,0.97964245,1.310646431434196e-26,4.17138869886287e-25,24.37971933978591,True
SIRPD,10.599331,0.910309,3.00118270079067e-26,9.477678001004254e-25,24.023298050306646,True
GK,10.512472,0.5446352,7.568283181003469e-26,2.3615237230000683e-24,23.626807687302495,True
SLC2A6,10.508328,0.7768453,7.90830252262042e-26,2.4634194096206805e-24,23.60846164103248,True
GSN,10.477782,0.63293713,1.0927657737312979e-25,3.380923084052345e-24,23.470964709314565,True
SMCO4,10.4691725,0.83161664,1.1968500577698024e-25,3.690472532808133e-24,23.43291802266145,True
PRKACA,10.42404,0.5399029,1.9259508545118944e-25,5.903829750920424e-24,23.228866174779508,True
ARHGEF10L,10.4011135,0.6542552,2.4505191710408952e-25,7.486765624312841e-24,23.12570576239231,True
CD300LF,10.364509,0.7385059,3.5960330539264867e-25,1.0940848362989472e-23,22.960949001121413,True
ST3GAL6,10.344098,0.6695824,4.450869078339982e-25,1.3485617478172325e-23,22.87012916332133,True
SPRED1,10.327099,0.74877095,5.3143746577345145e-25,1.6075324532871158e-23,22.793840250664243,True
CCDC149,10.322482,0.75422484,5.576250018623803e-25,1.6853536493117248e-23,22.77330895424114,True
CUEDC1,10.184344,0.80473197,2.329248449279418e-24,6.897477547902589e-23,22.16130970452589,True
KLF4,10.16544,0.6925094,2.8284243672090823e-24,8.341914606302949e-23,22.078734260210787,True
CFP,10.154104,0.7001629,3.1771571310716595e-24,9.3478398837905e-23,22.0292887351097,True
RUSC2,10.130072,0.61941427,4.0635295786447124e-24,1.1888828625737416e-22,21.924860933139016,True
AP5B1,10.12572,0.6614879,4.248398770775835e-24,1.2419779825013286e-22,21.90588610316341,True
IGSF6,10.110151,0.5791946,4.9807407615428726e-24,1.4547204536514292e-22,21.837220454857324,True
SPATS2L,10.1100855,0.8268511,4.984069967702773e-24,1.4547204536514292e-22,21.837220454857324,True
STAB1,10.097286,0.9553792,5.67922214219764e-24,1.6536611744357665e-22,21.78155347008392,True
RNF217,10.077554,0.6986237,6.94332238343339e-24,2.010542267057322e-22,21.696686792415928,True
LMO2,10.060626,0.7796597,8.247251174817818e-24,2.3824596704775604e-22,21.622974442226802,True
NLN,10.055761,0.60819525,8.664885937648136e-24,2.497192836250861e-22,21.602547919608593,True
LILRA5,9.898344,0.85041016,4.232251143036365e-23,1.1924913324578445e-21,20.923544768916283,True
EPHB2,9.8938875,1.433084,4.425044991209993e-23,1.2458543978713613e-21,20.90453271040233,True
PRLR,9.871802,0.65252185,5.516430086040383e-23,1.5471789852809505e-21,20.81045944207086,True
SLC36A1,9.811218,0.59838635,1.0074455446163809e-22,2.7955659119411798e-21,20.553530263786318,True
CDA,9.804574,0.584088,1.0759960267051427e-22,2.98352504344204e-21,20.525270312375593,True
CLCN5,9.752826,0.6632111,1.7940367287630582e-22,4.940823048115628e-21,20.30620069976431,True
SLC7A7,9.749209,0.59914047,1.8591078234749145e-22,5.112336998272377e-21,20.291380525806975,True
LINC00877,9.68862,0.7863971,3.3705437893875933e-22,9.151726501140601e-21,20.038496967224596,True
SLC31A2,9.661571,0.6860724,4.3908013554499545e-22,1.1904275585986944e-20,19.92429702769134,True
SIRPB1,9.635474,0.65206105,5.662977561683234e-22,1.5285445555690854e-20,19.81572189749676,True
HNMT,9.628351,0.8506094,6.069535633811589e-22,1.635869467843431e-20,19.78625135326676,True
TMEM176B,9.599371,0.77071524,8.043356953610545e-22,2.1567392517150152e-20,19.666202357626464,True
SLC15A3,9.407257,0.6214806,5.092526889558296e-21,1.3247446814834626e-19,18.87786781539319,True
SLC22A4,9.361078,0.54091275,7.892706689117714e-21,2.0430053573436882e-19,18.68973049452186,True
CXorf21,9.323994,0.75612795,1.1204195666482663e-20,2.8879208844290987e-19,18.53941470858388,True
RALB,9.312741,0.57736737,1.2457513558922967e-20,3.199701429965891e-19,18.494890544607543,True
AC098829.1,9.311988,0.51993793,1.2546213853372304e-20,3.2202242163203345e-19,18.492113888390946,True
CSF2RB,9.289592,0.8005569,1.5488073280689594e-20,3.961418379780013e-19,18.402149287756156,True
LRRC25,9.26271,0.68107575,1.9930832034146784e-20,5.072937296813675e-19,18.294740505673158,True
SAMD4A,9.23769,0.7590633,2.5187517455478802e-20,6.366632088314778e-19,18.196090246198878,True
TRIB1,9.22542,0.52240664,2.8245170352400913e-20,7.124751757878882e-19,18.14723026283686,True
HK2,9.204196,0.60983723,3.4423847792831784e-20,8.65943129254595e-19,18.062510629301283,True
GBP1,9.178987,0.7149916,4.3516685601733363e-20,1.0901808416899676e-18,17.962501454322116,True
MEFV,9.087478,0.89011747,1.0136327678347651e-19,2.515252402408152e-18,17.599418427517424,True
IL15RA,9.057156,0.53749704,1.338970245907225e-19,3.300178449188576e-18,17.48146257606073,True
RNF135,9.047332,0.5204041,1.465048713409938e-19,3.5988085878870575e-18,17.44384125182864,True
ABCC3,8.9922495,1.0415773,2.4222215233548115e-19,5.9182730291261325e-18,17.227805003300478,True
MYD88,8.911442,0.6187488,5.037333973819404e-19,1.2193879680936773e-17,16.91385809454971,True
TRIQK,8.891896,0.79202473,6.007471798442092e-19,1.449436224751345e-17,16.838800888862213,True
FMNL2,8.888149,0.84046763,6.213538819020966e-19,1.4971806077352624e-17,16.82472580673001,True
EAF2,8.886791,0.6430576,6.289927774232539e-19,1.5145897793729288e-17,16.81970497817093,True
SCIMP,8.868351,0.5651624,7.423672181762064e-19,1.780562421524727e-17,16.749442796576336,True
TRPM2,8.806174,0.75676656,1.2948921876115764e-18,3.065611187501378e-17,16.51348292770422,True
NR6A1,8.796846,0.66151404,1.4071521597624953e-18,3.322785561255941e-17,16.4784976853744,True
EPS8,8.732708,0.59412485,2.4864563584699607e-18,5.804004411757591e-17,16.236272266116927,True
NDST1,8.729778,0.55949134,2.5517291271840183e-18,5.952570923139723e-17,16.22529542140066,True
CYP1B1,8.667098,0.58439034,4.4327198085606836e-18,1.0268479602096808e-16,15.988493855263558,True
KCNK6,8.655434,0.58693063,4.910402326035431e-18,1.1360659641923062e-16,15.944596451148763,True
LDLR,8.633902,0.59087026,5.9294091576265596e-18,1.369225896392995e-16,15.86352489557402,True
SOX4,8.621775,0.5235064,6.592409060247306e-18,1.516585568913335e-16,15.819133080863715,True
METTL7A,8.607111,0.516731,7.492488516383577e-18,1.7214850733719732e-16,15.764096738617333,True
LY96,8.578254,0.6646316,9.632411101677489e-18,2.2034742420781108e-16,15.656892021890492,True
CFD,8.563734,0.62609357,1.09269390636763e-17,2.49181867083873e-16,15.60348356438823,True
NCEH1,8.469819,0.583828,2.4577533204344826e-17,5.522174909835635e-16,15.25788984159871,True
DTX3L,8.467472,0.5065079,2.507752967505473e-17,5.62415847816592e-16,15.249942450217382,True
PIP4P2,8.4287405,0.53400946,3.49405565651333e-17,7.812213261090068e-16,15.10722590966856,True
GAA,8.397172,0.5687337,4.573599510671276e-17,1.0145352466065416e-15,14.993732860271027,True
ODF3B,8.359303,0.8193963,6.308939189216702e-17,1.394405092177057e-15,14.855611039911002,True
NBPF10,8.329948,0.5640697,8.087740137279935e-17,1.7832492576179695e-15,14.748787948107775,True
SIGLEC9,8.307915,0.76199895,9.73986394902582e-17,2.1410736360257898e-15,14.669368396148,True
RGL1,8.290075,0.7623394,1.1317679674901707e-16,2.480469423838787e-15,14.605466122040388,True
VDR,8.212749,0.6675082,2.1618225454308672e-16,4.679176048806338e-15,14.329830614652485,True
DACH1,8.192992,0.5465455,2.5481152807389504e-16,5.505523458696951e-15,14.259201382520411,True
UBXN11,8.173313,0.56759834,3.00033336694034e-16,6.4673263582675715e-15,14.189275222860136,True
ICAM1,8.118469,0.5790984,4.7210194907671795e-16,1.0116746743651611e-14,13.994959121727986,True
NLRC4,8.082468,0.98818755,6.34689142419678e-16,1.353744598001319e-14,13.868463263377075,True
GIMAP8,8.071696,0.5082487,6.932794378378751e-16,1.4744172402268488e-14,13.831379599593369,True
HDX,7.983681,0.7901865,1.4203266241068873e-15,2.9962752028205295e-14,13.523418299925382,True
ASGR2,7.9816895,0.8620369,1.4434408572892145e-15,3.0432821899563674e-14,13.516657775588332,True
AC066613.2,7.9799504,0.62672144,1.4639223510008362e-15,3.08291265644313e-14,13.511038779315697,True
SECTM1,7.96082,0.8518706,1.7090264342791657e-15,3.5887594102726183e-14,13.445055655707806,True
MOSPD2,7.8994927,0.5327649,2.8004128079005587e-15,5.823744839884564e-14,13.234797661349157,True
SEMA3C,7.88677,0.6427012,3.101091773252844e-15,6.440620239459127e-14,13.191072307546403,True
SMARCD3,7.876275,0.6705145,3.3728572140772255e-15,6.990370718711242e-14,13.155499791804907,True
LILRA6,7.867779,0.93537956,3.609933703120847e-15,7.473256983479983e-14,13.126490083368298,True
PLEKHO2,7.8400397,0.5834613,4.504035870145342e-15,9.276995885379273e-14,13.03259263602487,True
CCDC170,7.825421,0.92426836,5.059610390751114e-15,1.0409600894428417e-13,12.982565921082175,True
LAIR1,7.7926574,0.5969837,6.5614410095720416e-15,1.3446545486637534e-13,12.871389274679439,True
CD163,7.783817,0.5304766,7.036876031398726e-15,1.43966749988462e-13,12.841737799321026,True
SMAD1,7.7826834,0.7575207,7.1002235659368025e-15,1.4510066037791904e-13,12.83833061100931,True
FAM151B,7.766437,0.8287569,8.072463772476508e-15,1.6432716715039637e-13,12.78429063152438,True
AL157871.4,7.7320333,0.7447087,1.0584242374019144e-14,2.1320520370471918e-13,12.671202199679866,True
CYP27A1,7.704947,0.53533596,1.3089767994463741e-14,2.632409881128392e-13,12.579646487682298,True
RHOU,7.6230373,0.53355837,2.4777539021693313e-14,4.93139046075583e-13,12.307030609264011,True
AC004551.1,7.5982456,1.4579369,3.0017251509020625e-14,5.938710391792777e-13,12.226307853088537,True
OSBPL1A,7.58418,0.56041104,3.3459680213655704e-14,6.594818284868133e-13,12.180797166602272,True
ARHGEF40,7.5589643,0.6723498,4.0629141471188136e-14,7.973550707704862e-13,12.098348239536664,True
TLR8,7.482378,0.64665574,7.298959381500912e-14,1.4142361689905499e-12,11.849478059899171,True
LINC01504,7.436442,0.67273915,1.0343335233111497e-13,1.9862351147277745e-12,11.701969344468422,True
MILR1,7.409606,0.7925178,1.2667523236635094e-13,2.41733064642378e-12,11.616663942022601,True
FAM157C,7.4080925,0.5468323,1.2812887684691418e-13,2.442523448684326e-12,11.612161258280498,True
LINC01410,7.347902,0.8766816,2.0134232662874729e-13,3.788858867320709e-12,11.421491571627985,True
STEAP4,7.25226,0.7927367,4.098740902866149e-13,7.580495997261441e-12,11.12030237724046,True
IFIT2,7.238928,1.2330745,4.5224603984563926e-13,8.347280536757558e-12,11.078454990414127,True
CX3CR1,7.2158537,0.5472861,5.359665753111611e-13,9.857745036665227e-12,11.006222418743816,True
P2RY13,7.186285,0.7471211,6.657787978574382e-13,1.2177995892243923e-11,10.91442417677321,True
MS4A4A,7.1833625,0.9590412,6.801753939421194e-13,1.2435114682155598e-11,10.905350205118799,True
C15orf39,7.170906,0.5828072,7.450295640732594e-13,1.3593632639404469e-11,10.866664470829475,True
EPDR1,7.008204,0.6830836,2.4139669925566746e-12,4.299445542314688e-11,10.366587547545807,True
BLVRB,6.9643865,0.5799718,3.298382690014929e-12,5.834901152113891e-11,10.233966496851705,True
LTBR,6.9409575,0.8719887,3.8945139504262e-12,6.866238203253821e-11,10.163281134122585,True
TTYH2,6.8998528,0.574799,5.205648013788527e-12,9.129464444306365e-11,10.039554698446475,True
FES,6.85915,0.71732503,6.927153011899946e-12,1.2079119932756068e-10,9.91796470663136,True
AC010210.1,6.8110533,0.63215065,9.688670819366283e-12,1.6782538601969963e-10,9.775142345209435,True
IMPDH1,6.7936053,0.5026939,1.0936544441456016e-11,1.8872629094848259e-10,9.724167595232489,True
CLEC12B,6.792478,1.0166627,1.1022340177873599e-11,1.9011718795963792e-10,9.720978618018368,True
CBFA2T3,6.7767897,0.599556,1.2287538255058312e-11,2.1154101019444462e-10,9.674605426044828,True
APOBR,6.7728014,0.507152,1.2631231596778034e-11,2.1735576289312307e-10,9.6628288405916,True
TNFSF13,6.75359,0.734012,1.4423089592444988e-11,2.474915622002246e-10,9.606439603002528,True
NEGR1,6.7374797,0.7637225,1.6115739930362415e-11,2.7601881010350714e-10,9.559061320667404,True
CC2D2A,6.6959863,0.5051063,2.1422160288450076e-11,3.6434595200630165e-10,9.438486051255401,True
GRINA,6.6705112,0.5429072,2.5491374050393464e-11,4.321490419724184e-10,9.364366445446628,True
RAB3D,6.6601744,0.5977022,2.7350249987746583e-11,4.6301873256314186e-10,9.334401438173769,True
BST1,6.6595817,0.64211994,2.7460814410874788e-11,4.646755747815201e-10,9.332850155187137,True
RGS19,6.57793,0.5082168,4.7704270750151005e-11,7.969073545076571e-10,9.098592165134399,True
ZNF385A,6.5343566,0.53172976,6.388347767381767e-11,1.0560971844351404e-09,8.976296115209523,True
SRD5A1,6.511592,0.6336276,7.435857213294981e-11,1.223740152265331e-09,8.912310790048078,True
NRIR,6.4786525,1.6176766,9.254545235800578e-11,1.518268086846871e-09,8.818651536504754,True
CD33,6.46436,0.86916167,1.0172826784732424e-10,1.6636980927077362e-09,8.778925481270697,True
TICAM2,6.459151,0.60490084,1.0529226556261782e-10,1.7204474160077564e-09,8.764358596676681,True
DUSP3,6.438837,0.62969327,1.2039221051692195e-10,1.9575634371967404e-09,8.70828415520714,True
PDK4,6.403556,0.80898285,1.5179941497870448e-10,2.454068192418535e-09,8.610113373483667,True
ADGRE1,6.3787403,0.858663,1.7855047422020077e-10,2.8662832925147235e-09,8.542680887806195,True
HPSE,6.369769,0.71454227,1.8931279300511194e-10,3.031075037961549e-09,8.5184033120094,True
REPS2,6.3145604,0.50119865,2.7093031268025776e-10,4.296499295671626e-09,8.366885255065721,True
C3AR1,6.310431,0.7024679,2.7825904233641795e-10,4.405969472965965e-09,8.355958516211206,True
LINC02785,6.2900677,0.51308477,3.173279373045234e-10,5.0105780126328145e-09,8.30011217169418,True
AC006160.1,6.287813,0.73031604,3.219693831309784e-10,5.0816737352207605e-09,8.29399322191884,True
ANO5,6.274069,0.93272763,3.5173336319913085e-10,5.541882404843474e-09,8.256342693903736,True
CPED1,6.239387,0.52965945,4.39288803338423e-10,6.876992938832172e-09,8.162601421583206,True
PAPSS2,6.237337,0.6209294,4.450822544294011e-10,6.9647095315820915e-09,8.15709699143838,True
C4orf33,6.2028375,0.6085727,5.545408454924272e-10,8.640591522293884e-09,8.063456525336543,True
LILRB4,6.185107,0.8588114,6.206025436990551e-10,9.641202759732224e-09,8.015868783593936,True
CMTM4,6.169468,0.5256102,6.852011974996224e-10,1.0613224303717172e-08,7.974152657136809,True
TAGLN,6.167208,0.7531171,6.950619224743333e-10,1.075685472493999e-08,7.9683146966331,True
MERTK,6.149347,0.7303355,7.780265235968932e-10,1.200529038371412e-08,7.920627330774012,True
PIK3R6,6.1479974,0.5283249,7.846735585388688e-10,1.2097656662207724e-08,7.9172987451571935,True
CRISPLD2,6.116779,0.54778415,9.548560997672131e-10,1.4602105475531621e-08,7.835584518840313,True
AL355075.4,6.1131716,0.52207714,9.7670369347035e-10,1.4926234607393856e-08,7.826049736513303,True
RAB39A,6.0830193,0.76517946,1.1794003176854567e-09,1.794149253017681e-08,7.746141431377894,True
CLEC4E,6.082174,0.50156164,1.1856385386327023e-09,1.8028897445989008e-08,7.744030831667179,True
TLR5,6.081747,0.7446542,1.188798463992154e-09,1.8061939634942644e-08,7.7432356135175,True
ADAMTSL4,6.061358,0.70252174,1.349768498773186e-09,2.0448210605793626e-08,7.689344690494356,True
RAB32,6.0185566,0.6184997,1.7597941023022143e-09,2.656091708798488e-08,7.575756933845616,True
TMEM106A,5.9245324,0.5892015,3.1318718453257596e-09,4.648403950152803e-08,7.332696138427654,True
OAF,5.9098735,0.5433513,3.423706266743085e-09,5.073322796318368e-08,7.294707504290143,True
LINC01001,5.901298,0.60653025,3.6065321581299672e-09,5.3377550958234905e-08,7.272641356170918,True
MPZL1,5.8959517,0.50085783,3.725273004273288e-09,5.5023695411382815e-08,7.259450245591592,True
AL160272.1,5.8739276,0.9300665,4.2558913778187585e-09,6.26336470926998e-08,7.203192299042444,True
LILRA1,5.8661933,0.8171581,4.459136983045283e-09,6.557206617775832e-08,7.183281131485819,True
C19orf38,5.845504,0.66470027,5.050372142499102e-09,7.373301587060617e-08,7.132338001968658,True
PRICKLE1,5.8452225,1.0312647,5.058921179848313e-09,7.382837882919782e-08,7.1317766679890715,True
RASGRP4,5.8325257,0.78819865,5.459458182647241e-09,7.954682680854764e-08,7.099377140052902,True
TOR1B,5.815163,0.62697166,6.0574727775150044e-09,8.79450857317837e-08,7.055788423394663,True
BEST1,5.8043227,0.56007046,6.462662029084271e-09,9.35679956196651e-08,7.028872673725531,True
ANKRD50,5.7928624,0.53083813,6.919681741940275e-09,9.982943296679387e-08,7.000741395681369,True
NECTIN2,5.7905564,0.6068163,7.0153717079616205e-09,1.0117006299570656e-07,6.994947979583159,True
HMOX1,5.7881484,0.52767503,7.116650327158321e-09,1.0259020032466392e-07,6.98889412214999,True
RPS6KA4,5.756393,0.60234773,8.593018392738597e-09,1.231452882508322e-07,6.909582200356022,True
HAL,5.7294335,0.6933264,1.0076649511612672e-08,1.4367567151325884e-07,6.842616764378213,True
CHN2,5.712669,0.91295284,1.1121795369771869e-08,1.5790102107409625e-07,6.801615061597711,True
SEMA4A,5.685779,0.6975548,1.3021762005365313e-08,1.838771262185092e-07,6.735472292376571,True
IQSEC2,5.6701393,0.78880304,1.4268160170024082e-08,2.0101190545921918e-07,6.696778219583875,True
CLEC4D,5.6526694,0.6778994,1.5797479577621472e-08,2.2195913628427005e-07,6.65372697383672,True
ARHGAP22,5.6504664,0.6222529,1.600129339767415e-08,2.2473650792335826e-07,6.648326371720741,True
IDH1,5.6428328,0.57465845,1.672750142708351e-08,2.3448612781795614e-07,6.629882845018484,True
AATBC,5.620244,0.9244346,1.906881162838628e-08,2.666937617159213e-07,6.573987142855448,True
IFIT1,5.617722,2.425669,1.9349125675336252e-08,2.704075406044223e-07,6.567981201793903,True
IMPA2,5.6156397,0.7052408,1.958361584551709e-08,2.735801234968592e-07,6.562915458739958,True
SRC,5.5806375,0.53345823,2.3963872470197152e-08,3.3311876045639417e-07,6.477400908187659,True
TLR6,5.56127,0.6440658,2.6781842424660448e-08,3.714445678609311e-07,6.43010598854768,True
ALDH3B1,5.5563793,0.6794471,2.7542783616807543e-08,3.817089826424737e-07,6.418267619809463,True
AMPD2,5.5187893,0.50342226,3.4134282271447435e-08,4.7038737402757814e-07,6.3275443439551795,True
SLC15A2,5.5157146,0.6235006,3.473659398263502e-08,4.781474525605207e-07,6.320438153684385,True
SLC25A43,5.458696,0.50009805,4.7964425896134724e-08,6.545659777123142e-07,6.184046571707198,True
SOGA1,5.4566884,0.5707483,4.8509659653157346e-08,6.61513432550377e-07,6.1794613326960155,True
IFI35,5.455827,0.6941935,4.874534402677804e-08,6.642324410737538e-07,6.177679917302433,True
MARCO,5.4435263,0.92209077,5.223600373134268e-08,7.088950584244988e-07,6.149418051023412,True
CDKN1A,5.4321504,0.6388711,5.56789176119528e-08,7.536627453827974e-07,6.122822951989132,True
PLB1,5.4128346,0.77250683,6.203478277950276e-08,8.347555457766837e-07,6.078440686987924,True
PAX8-AS1,5.410522,0.5063689,6.284129183087366e-08,8.446765047013611e-07,6.073309585869992,True
CACNA2D3,5.363391,0.57395244,8.167396642142576e-08,1.0898100054650396e-06,5.962649209188096,True
AC096667.1,5.303272,0.61492467,1.1374530202473886e-07,1.4991688150549032e-06,5.824149460334655,True
CDC42BPA,5.2604747,0.6519104,1.4368387878401556e-07,1.8808918624369648e-06,5.725636172496893,True
ABTB2,5.2454495,0.7842343,1.5590155387226718e-07,2.033554088837794e-06,5.691744271662944,True
MGST2,5.2349777,0.5756845,1.6500474190350826e-07,2.146938698332849e-06,5.66818035582265,True
AP002381.2,5.231221,0.5083595,1.683940386378504e-07,2.188703909156237e-06,5.659812986407013,True
NID1,5.180117,0.5936468,2.2174662987515474e-07,2.852776239037096e-06,5.544732291421261,True
AL627309.5,5.174598,0.84715044,2.284017592804673e-07,2.9342691440591025e-06,5.532500053267511,True
GRB10,5.1704273,0.50127816,2.3355959217312007e-07,2.9931773925519493e-06,5.5238675436598195,True
AC011472.2,5.1322293,0.67960143,2.863301606687884e-07,3.649014697297466e-06,5.4378243874047865,True
CD1D,5.1081204,0.561312,3.2537910152461694e-07,4.132246478820054e-06,5.383813781731575,True
MGST1,5.0882096,0.7454223,3.614594774960284e-07,4.560419970986603e-06,5.340995161133033,True
RUFY4,5.0367146,1.1492707,4.735905779268485e-07,5.916002983856854e-06,5.227971615629804,True
ASGR1,5.0330276,0.7338597,4.827929411233049e-07,6.025020414521507e-06,5.2200414772345844,True
MARC1,5.022307,0.7577879,5.1054574308871e-07,6.35378603971094e-06,5.196967413893104,True
CYBRD1,4.991254,0.5945096,5.998862068485937e-07,7.435298021288648e-06,5.128701619420812,True
IRF5,4.97687,0.7067054,6.462060093425105e-07,7.976993641802774e-06,5.098160754110369,True
SLC43A3,4.974517,0.65960777,6.541058636345286e-07,8.071789856671402e-06,5.0930301531730295,True
ITPRIPL2,4.9497833,0.59719443,7.429621113000865e-07,9.125220213320293e-06,5.039756646183723,True
NAGA,4.928966,0.6856501,8.26659060919033e-07,1.012263241508783e-05,4.994706533476236,True
HGF,4.9227996,0.7389881,8.531491308843283e-07,1.0433047557466522e-05,4.981588812947826,True
ZBTB7B,4.9177017,0.5427613,8.75662711221898e-07,1.0686939277570086e-05,4.971146658232945,True
SIGLEC10,4.9150953,0.6746303,8.87392600810852e-07,1.0822877901458844e-05,4.9656572410285085,True
NHS,4.8340173,0.655045,1.3380503399922492e-06,1.6078128855566748e-05,4.7937644950767755,True
U62317.4,4.810466,1.1884426,1.5057908938245e-06,1.798155057255156e-05,4.7451728612085855,True
MS4A14,4.8022323,1.1427094,1.5690669933543094e-06,1.8670162881586825e-05,4.728851893177553,True
SNCA,4.7988157,0.86072266,1.5960673611044732e-06,1.897293325228477e-05,4.721865521151249,True
OPHN1,4.7901487,0.6303416,1.666576429304211e-06,1.974696144026009e-05,4.704499721873048,True
PRPSAP1,4.7892528,0.5267048,1.6740348367156513e-06,1.9828915552954547e-05,4.702701036790472,True
TLR7,4.7797585,0.92582,1.7550581224878076e-06,2.076175899844093e-05,4.682735854534816,True
ATF3,4.7670755,0.6148703,1.8691935989937216e-06,2.2047810156870515e-05,4.656634539258069,True
SLC19A1,4.7306056,0.5210177,2.2385091298268755e-06,2.625173747542245e-05,4.580841947457377,True
LILRA2,4.7052603,0.7678815,2.535423762717162e-06,2.9572672128492946e-05,4.529109431705603,True
SPOCK1,4.70215,0.5389018,2.5743656668325856e-06,3.000775725214633e-05,4.522766462069802,True
ADAM15,4.6850033,0.58258617,2.799555776548456e-06,3.253939059302954e-05,4.487590584913691,True
FAM214B,4.6684895,0.5269358,3.034225806801132e-06,3.5144208466686155e-05,4.454146233608462,True
FFAR2,4.645935,0.8014114,3.385395445436926e-06,3.901412427532649e-05,4.408778136964818,True
SH2B2,4.580073,0.574921,4.648136048761716e-06,5.291646268140826e-05,4.276409194894412,True
S1PR3,4.5779963,0.510774,4.694508265561108e-06,5.341115854143678e-05,4.272368001647112,True
IQCE,4.4975243,0.53160757,6.874933528457221e-06,7.702156170035591e-05,4.1133876798061095,True
TTC7B,4.483829,0.67393047,7.331548330640391e-06,8.193648868695235e-05,4.0865226512756685,True
SLC46A2,4.4531126,0.8078611,8.463438313477261e-06,9.38982436227891e-05,4.027342531185059,True
USP18,4.444015,1.5155898,8.829543154147323e-06,9.79303360560443e-05,4.00908275517394,True
PTGIR,4.4351096,0.70609283,9.202537482973575e-06,0.0001018512471769,3.9920336486596013,True
SMIM25,4.431487,0.6802878,9.358545337916549e-06,0.0001034527689257,3.9852578808990753,True
AC092546.1,4.4131036,0.763516,1.0189918574992038e-05,0.0001122362954448,3.9498666763919625,True
LINC01482,4.3943915,1.1476707,1.1108349616485664e-05,0.0001219852098148,3.9136928224826413,True
CDKN1C,4.3716955,0.60821116,1.2328540738564724e-05,0.0001348989296179,3.8699914963094435,True
GAS2L3,4.3669786,0.5592532,1.2597710189506978e-05,0.0001377206662622,3.8610008849413906,True
HSPA6,4.352057,0.877799,1.3486610057117208e-05,0.0001468680198454,3.833072760484013,True
LINC00968,4.3513894,0.9964767,1.3527763847524514e-05,0.0001472285710922,3.8320079028814282,True
CYP1B1-AS1,4.347073,0.5098989,1.3796639252420304e-05,0.0001499319457475,3.8241058228974554,True
PLXNA2,4.341736,0.5855481,1.4136136987004856e-05,0.0001534391310383,3.8140638696777125,True
TDRD9,4.337805,0.7931765,1.4391303592467377e-05,0.0001560699563815,3.8066806910023185,True
WLS,4.335698,0.698409,1.4529818219113444e-05,0.000157432171888,3.802906513109678,True
KCNE3,4.324303,0.730801,1.5301492704366867e-05,0.0001653528002576,3.781588445890128,True
ZC3H12C,4.2852135,0.52163213,1.825638782810665e-05,0.0001957240922368,3.7083557125049804,True
SLC37A2,4.243701,0.5448502,2.1986348598491323e-05,0.0002339309142597,3.630912381845244,True
P4HA2,4.2094984,0.5927905,2.559379929661949e-05,0.0002705830872488,3.5676993523949654,True
FUT4,4.2057896,0.56308436,2.601720151693804e-05,0.000274900575266,3.5608243513366404,True
AP000282.1,4.181137,0.8226931,2.9005492573716225e-05,0.0003052415278006,3.515356381373288,True
CALCRL,4.175419,0.5235205,2.9743844726720305e-05,0.0003125622913702,3.505063417992044,True
CAMTA2,4.1554165,0.53433913,3.246954275891238e-05,0.00034022838091,3.468229461568531,True
AC025178.1,4.047904,0.64713687,5.167837041692434e-05,0.0005302719471908,3.275501347617423,True
AC087284.1,4.0248747,0.71360135,5.700566686571327e-05,0.0005815118207781,3.2354414526526054,True
ADAP1,4.0128894,0.5957109,5.998000538639501e-05,0.0006108314349325,3.2140786211466676,True
NCF4,3.9937325,0.56391025,6.504125163915804e-05,0.0006598045596576,3.1805846875368213,True
C5AR2,3.9898999,0.50255656,6.610120131414013e-05,0.000670000019191,3.1739251848595535,True
AL359762.1,3.988091,0.53435665,6.6607087932094e-05,0.0006749407600782,3.1707343437618265,True
CAMK1,3.9506447,0.6088628,7.79409389760701e-05,0.0007832828960634,3.106081356703129,True
CCR2,3.9438524,0.7517807,8.018298625524258e-05,0.0008051515719967,3.0941223548056183,True
SIGLEC5,3.94036,0.60400504,8.135939742674629e-05,0.0008165163984689,3.0880350887068113,True
TTLL4,3.922292,0.5394473,8.771063613152732e-05,0.0008771303259699,3.056935873401916,True
MAK,3.9196188,0.552174,8.86890986899039e-05,0.0008859469708376,3.0525922724265446,True
AC022098.1,3.8964522,0.5365697,9.761206379003792e-05,0.0009700513567144,3.0132052725922587,True
SLC1A3,3.8764303,0.8019698,0.0001060002120684,0.0010488547612649,2.9792846459801496,True
KCNK13,3.8757336,0.74014467,0.0001063038829043,0.0010515752481569,2.9781596448130934,True
ZEB2-AS1,3.818139,0.5611289,0.0001344620695389,0.0013151913968983,2.8810110406585077,True
BTBD3,3.8134148,0.6379821,0.0001370597542634,0.0013380965766328,2.8735125403910136,True
CLEC1B,3.8027172,0.9724894,0.0001431177239519,0.0013964947518971,2.85496069206209,True
DTNA,3.7949035,0.69369,0.0001477009477997,0.0014396810626947,2.8417337079417098,True
CARD6,3.7845554,0.72806877,0.0001539836441178,0.0014973313916991,2.824682070292473,True
AC109927.1,3.7534063,0.5726693,0.0001744477514032,0.0016851312085272,2.7733662782223996,True
FRRS1,3.7283063,0.5059199,0.0001927710879794,0.0018484712054321,2.7331873102622826,True
HORMAD1,3.6882691,0.7928332,0.000225784763762,0.0021481539221355,2.6679346032615356,True
MRAS,3.6614084,0.7848428,0.0002508324498334,0.0023722786812285,2.6248342939711216,True
ADGRB3,3.6536329,0.6809598,0.000258555792947,0.0024415378167328,2.6123365445843687,True
C9orf139,3.642462,0.78346264,0.0002700427772854,0.0025414851353624,2.5949124260553025,True
MYO10,3.6422138,0.5410107,0.0002703033820823,0.0025432838271455,2.5946051704240682,True
AC093849.4,3.641825,0.596654,0.0002707122430702,0.0025464761780043,2.594060382244399,True
Z83844.2,3.630957,0.5840975,0.0002823723884145,0.0026500286636823,2.5767494285493315,True
FCGR2B,3.6070719,0.67148614,0.0003096718114259,0.0028914025433674,2.538891441296077,True
TMEM150B,3.5714881,1.1171317,0.0003549586919187,0.0032882417319458,2.4830362632149527,True
CLTCL1,3.558509,0.55480695,0.0003729657253678,0.0034411188591351,2.463300326223885,True
SLC27A3,3.547172,0.55624825,0.000389390285075,0.0035863295983975,2.4453497994957063,True
NFE2,3.5376248,0.96638054,0.0004037433192218,0.0037129168911653,2.430284771784415,True
PRR16,3.5340536,0.7238618,0.0004092379687479,0.0037603466667246,2.424772115576201,True
LYL1,3.5340059,0.6490983,0.0004093117980446,0.0037603466667246,2.424772115576201,True
HLX,3.523035,0.59140515,0.00042663488997,0.0039096804225822,2.407858740399866,True
UBTD1,3.516546,0.5044546,0.0004372010285457,0.0039994988367411,2.397994425190522,True
AGPAT2,3.4713855,0.50464875,0.000517780010557,0.0046955565328048,2.328312926336727,True
ASRGL1,3.4649856,0.63747287,0.0005302600770145,0.0047992208404576,2.318829265157098,True
NOS1AP,3.4377196,1.671158,0.0005866348353907,0.0052755335651441,2.277733609456019,True
CCDC26,3.413606,0.5773264,0.0006410922653822,0.0057398772028508,2.24109739866383,True
AC108210.1,3.3995967,1.0340254,0.0006748531692582,0.0060127314625176,2.220928191955442,True
TRIM34,3.3430488,0.60208446,0.0008286333434738,0.0072748402505364,2.138176538984291,True
AC020651.2,3.3411145,0.7210673,0.0008344277708135,0.007322198714828,2.135358489114387,True
PRR11,3.3374708,0.6248443,0.0008454460564018,0.0074100026605278,2.1301816360891825,True
VSTM1,3.3237305,1.1528602,0.0008882202368056,0.0077718739869285,2.1094742496606838,True
LINC02458,3.3217158,0.7387293,0.0008946577311801,0.0078207230998147,2.1067530904515284,True
CARD9,3.3192563,0.86113703,0.0009025758071011,0.0078842904810761,2.103237383377315,True
TMEM51,3.3074043,0.95928097,0.0009416485675688,0.0082016240371075,2.086100142674955,True
LOXL3,3.2949646,1.0125626,0.0009843411034133,0.0085597217215563,2.0675403541028725,True
PLPPR2,3.2860038,0.6342024,0.0010161962479549,0.0088157854637112,2.0547389871243316,True
GPBAR1,3.2571986,0.76373184,0.0011251767377507,0.009694584222791,2.0134708120230904,True
STK32B,3.232792,0.74298245,0.0012258682778227,0.0105225152055789,1.97788043800149,True
AL163541.1,3.230918,0.6909359,0.0012339338771796,0.0105818214242393,1.975439571770307,True
ZNF467,3.228352,0.683923,0.001245056859788,0.0106672111716064,1.9719491073883335,True
DSC2,3.2126877,0.7498178,0.0013149916428674,0.0112191163451261,1.9500413482089665,True
ARL11,3.2070832,0.6719645,0.0013408816460332,0.0114240244707782,1.9421808752884402,True
C2CD2L,3.2023513,0.52722317,0.001363105977132,0.0116079669309002,1.9352438377987855,True
LINC01146,3.2008336,0.5554144,0.0013703070222495,0.0116584396376932,1.9333595715398078,True
LIPC,3.165505,0.59660876,0.0015481398383439,0.0130651294035573,1.8838862844462185,True
PLOD1,3.1426852,0.5627786,0.0016740581395706,0.0140468138391621,1.8524221731959565,True
PROK2,3.1110766,0.57514316,0.0018640661822198,0.0155343092749156,1.8087080526608095,True
FBXO6,3.0793352,0.6054471,0.0020746303419225,0.017106002510635,1.7668514685658203,True
CMKLR1,3.0553267,0.6779419,0.0022481550570337,0.0184329577156119,1.7344049731635605,True
SLC16A5,3.0384195,0.5681884,0.0023782268366381,0.0194341327188644,1.7114348357281493,True
STARD13,2.9839988,0.5508806,0.002845078047437,0.0230076671706237,1.6381274137644855,True
AP001610.2,2.9559765,1.7331144,0.0031168076628416,0.0250666396984543,1.6009038813681313,True
TNFRSF8,2.9553926,0.78364974,0.0031227129613115,0.0251031006143122,1.6002726332392267,True
LINC01503,2.9550307,0.5807815,0.0031263787536598,0.0251270506725307,1.5998584844203476,True
RETN,2.9428673,0.77285165,0.0032518774936688,0.0260670101063889,1.5839087796779605,True
GMPR,2.9399445,1.1943992,0.0032827096368071,0.0263078768986378,1.5799141989842653,True
KCNC3,2.8744555,0.67351735,0.0040472482175094,0.0319804257359804,1.495115759052688,True
FCGR1A,2.837662,1.0567597,0.004544529548469,0.0356710971485127,1.4476835327077042,True
PTGS1,2.8337688,0.68924534,0.0046002611710814,0.036093067336067,1.4425762082557703,True
CEBPA,2.8208163,0.53623456,0.0047901620719456,0.037502614330542,1.425938456278868,True
RENBP,2.8084002,0.725762,0.0049788324433225,0.0388219527605559,1.4109226232030827,True
HLX-AS1,2.8067238,0.71664524,0.0050048131819676,0.0389996098090692,1.4089397380662148,True
ICA1,2.8044572,0.63004965,0.005040137830565,0.0392665144181593,1.4059776481602981,True
ADGRD1,2.7963824,0.73258847,0.0051678220357708,0.0402184678569524,1.3955744780939585,True
SH3PXD2B,2.768803,0.73637044,0.0056262682545822,0.0434812171423067,1.3616983074838787,True
AC010983.1,-2.8015394,-0.83867866,0.0050859434949755,0.039606514438213,1.402233375895569,True
IGHG1,-2.8498833,-0.81109554,0.0043735258578922,0.0343946574281482,1.463509011779311,True
P2RX5,-2.8665633,-0.51089156,0.0041495527103417,0.0327393357946151,1.4849301356650546,True
MIR155HG,-2.9604104,-0.5203454,0.0030722941630072,0.0247195072895639,1.6069601898759445,True
AC010275.1,-2.9607773,-0.50130785,0.0030686372318915,0.0246955126043233,1.6073819547659065,True
APBB2,-2.965121,-0.5002557,0.0030256394405386,0.0243762776058015,1.6130326128557295,True
POU2AF1,-2.990018,-0.5649206,0.002789611095865,0.0225808045351427,1.6462605885869415,True
STEAP1B,-3.000257,-0.5441159,0.0026975191485854,0.0218820696714039,1.659911603528693,True
MIR3681HG,-3.0761333,-0.6061482,0.0020970406732703,0.0172651151862598,1.762830519857814,True
GPRASP1,-3.084706,-0.5139031,0.0020375337307131,0.0168228676015864,1.774099973021097,True
ARHGAP42,-3.1603098,-0.5294796,0.0015760146200875,0.0132789390215984,1.876836623422266,True
RAPGEF5,-3.195517,-0.9693415,0.0013958057365568,0.0118533377642036,1.9261593400787855,True
ANGPTL1,-3.2085385,-0.6399393,0.0013341147916883,0.0113716663927775,1.9441758895638184,True
GPT2,-3.26025,-0.8277287,0.0011131404207305,0.0095953962645215,2.017937085343156,True
CXCR5,-3.2813578,-0.6305369,0.0010330864899439,0.0089474677279785,2.0482998593627846,True
COL9A3,-3.466346,-1.0451642,0.0005275838138761,0.0047761798594309,2.320919327086479,True
MACROD2,-3.4950252,-0.605207,0.0004740169148319,0.0043200929033281,2.364506913608952,True
EBF1,-3.6565,-0.59161156,0.0002556823152388,0.0024150266890472,2.6170780653920223,True
GCNT4,-3.678925,-0.501825,0.0002342191722734,0.0022237758558706,2.652908989331112,True
CD22,-3.7952566,-0.5370755,0.0001474908061177,0.0014380157151613,2.8422363677983786,True
ANKRD30BL,-3.859863,-0.7859329,0.0001134506450184,0.0011183428651547,2.951425028635116,True
HOOK1,-3.900027,-0.667844,9.61819147641319e-05,0.0009568780272579,3.0191434179858057,True
LINC01362,-3.957601,-0.87564623,7.570626309276422e-05,0.0007618710298208,3.1181185401796743,True
GLRA3,-3.9629254,-1.1469482,7.403689056929105e-05,0.0007458916134672,3.1273242758691095,True
FBXO10,-4.096514,-0.6058798,4.194180147712402e-05,0.0004343836660623,3.3621265136963285,True
HRK,-4.159581,-1.1054906,3.188313738980689e-05,0.0003343156238707,3.4758433266611695,True
CELSR1,-4.3866525,-0.82339674,1.1510840481688734e-05,0.0001262914485822,3.898626055298155,True
AL133259.1,-4.408074,-0.72475255,1.0429393194529586e-05,0.0001148394164599,3.9399090229753337,True
ADAMTS6,-4.6319714,-0.5008813,3.6220026741380058e-06,4.16621369818118e-05,4.3802584574894174,True
LSR,-4.676983,-0.60168374,2.911266151284924e-06,3.3762754246888314e-05,4.471562132383022,True
RASSF6,-4.725011,-1.029101,2.301030068458669e-06,2.693316326691901e-05,4.569712636239822,True
NIBAN3,-4.8227572,-0.582468,1.415873055544294e-06,1.6957581710070908e-05,4.770636081610874,True
TNFRSF13C,-4.845347,-0.9082066,1.2639057975029091e-06,1.5212172342783292e-05,4.817808762993837,True
LINC01725,-4.8509884,-0.6460133,1.2284763991646147e-06,1.4795480317809828e-05,4.829870931416605,True
CNR1,-4.883747,-1.2804949,1.0408846601894316e-06,1.2631770373870486e-05,4.898535777732771,True
E2F5,-4.989814,-0.6712741,6.043752887836809e-07,7.485868001614722e-06,5.125757835073021,True
IGF2BP3,-5.023187,-0.84220195,5.082101048122487e-07,6.329022812600583e-06,5.198663338933023,True
AC108879.1,-5.0978975,-1.0828326,3.434466741175981e-07,4.345140587410373e-06,5.361996167351379,True
AP001636.3,-5.1172523,-0.897727,3.100186131307979e-07,3.9440358912757504e-06,5.40405914157259,True
ZC3H12B,-5.171772,-0.54659307,2.318842904850686e-07,2.9727484819768813e-06,5.526841833987256,True
FAM111B,-5.1981,-1.00947,2.0133586682324018e-07,2.599327711321839e-06,5.585138963189782,True
DCLK2,-5.233364,-0.9291118,1.6645260019426298e-07,2.164238586042706e-06,5.6646948642261705,True
TOX2,-5.2395453,-0.6987686,1.6097280872074059e-07,2.096713797860436e-06,5.67846084683211,True
BACE2,-5.2396064,-0.8788868,1.60919513829835e-07,2.096713797860436e-06,5.67846084683211,True
AC005237.1,-5.284685,-0.5330991,1.2592113620360464e-07,1.654285537038095e-06,5.781389527155108,True
AP002075.1,-5.4374695,-0.9001357,5.4042538343995487e-08,7.323254150050274e-07,6.135295893618288,True
ACSM1,-5.44531,-1.0243794,5.1715260122973124e-08,7.020883663801703e-07,6.153608223174919,True
TXNDC5,-5.498699,-0.533594,3.826028503442009e-08,5.25465175438953e-07,6.279456061016999,True
BTLA,-5.6249657,-0.5534398,1.855448369493245e-08,2.5959963980054384e-07,6.585695914463135,True
TSBP1-AS1,-5.7827315,-0.8448363,7.349741090932883e-09,1.058669317863969e-07,6.975239673371168,True
CTLA4,-5.7876096,-0.65536755,7.139517849448966e-09,1.0287932787704002e-07,6.987671881708405,True
TTC28,-5.847206,-0.5565564,4.998974461899961e-09,7.304090390419182e-08,7.136433860909496,True
CD200,-5.8494353,-1.0507933,4.932448810264455e-09,7.212647179564096e-08,7.141905311635814,True
RASGRP3,-6.0504856,-0.5898101,1.4440980409561891e-09,2.1859153183224764e-08,7.660366666493186,True
MYEF2,-6.2325845,-0.50690436,4.5880222976576785e-10,7.170205128803104e-09,8.144468419641413,True
FCRL5,-6.248648,-0.8926484,4.1401983555315054e-10,6.498087479022669e-09,8.187214446361134,True
AL079338.1,-6.3718066,-1.1181585,1.8681419663677115e-10,2.99500061809131e-09,8.52360308364742,True
GNG7,-6.471545,-0.5307246,9.700580439582604e-11,1.5907300388403355e-09,8.79840351777012,True
ABCA9,-6.57723,-1.0335577,4.7929261517012106e-11,8.003005934234306e-10,9.096746861076271,True
ZNF10,-6.708967,-0.5445524,1.9600670301730625e-11,3.34142586732018e-10,9.476068169665506,True
GABRB2,-6.9492884,-1.2410133,3.671337337329274e-12,6.482133038282139e-11,10.188282059820486,True
CNR2,-7.003728,-0.74384755,2.49239945127045e-12,4.4348231558556016e-11,10.353123693525005,True
RUBCNL,-7.0248046,-0.5196853,2.1436585724928343e-12,3.8310570025297956e-11,10.416681386074877,True
ABCA6,-7.0291166,-0.97874546,2.078450034772811e-12,3.7163336454674956e-11,10.429885302783669,True
PCDH9,-7.0357256,-0.95840174,1.9822658863353934e-12,3.5460857138690966e-11,10.450250771101013,True
SGSM1,-7.11646,-0.8282402,1.1073423031238818e-12,1.9994985513881205e-11,10.699078906171307,True
DMD,-7.1438003,-0.8241546,9.078537264411561e-13,1.647414687232164e-11,10.783197066459989,True
RIC3,-7.2403917,-0.6035891,4.4739128425473853e-13,8.266011304900396e-12,11.082704005096835,True
MROH9,-7.322248,-1.166732,2.438511737155764e-13,4.57702400469939e-12,11.33941680986216,True
BCAS4,-7.333586,-0.54077226,2.2407421087883357e-13,4.212295938559932e-12,11.37548112467348,True
STAP1,-7.362727,-0.73339236,1.8019053028642578e-13,3.401316967000242e-12,11.468352894499251,True
FCRL2,-7.3885846,-0.9219987,1.483997998019879e-13,2.8142907111671294e-12,11.55063104274542,True
CD79A,-7.401438,-0.7649807,1.347175429793354e-13,2.565450983655908e-12,11.590836278701492,True
KLHL14,-7.4603624,-0.9484854,8.628477630106005e-14,1.664791300682709e-12,11.778640202183363,True
FCER2,-7.561309,-0.94335485,3.9903408178528573e-14,7.835325336600452e-13,12.10594296614409,True
AL592429.2,-7.6367817,-0.7878086,2.2271847214549247e-14,4.439933986381901e-13,12.35262348699421,True
APOD,-7.759336,-1.0669816,8.537526737505681e-15,1.7340844401745025e-13,12.760929758642412,True
IFNG-AS1,-7.7742267,-0.513979,7.590961843243048e-15,1.548700080404341e-13,12.810032679101326,True
PAWR,-7.9141684,-0.85719687,2.489117400359716e-15,5.1852126334983476e-14,13.285233429504153,True
IGHD,-7.988098,-0.8824086,1.3703632046968734e-15,2.8942102513046886e-14,13.538469922538097,True
ABCB4,-8.224409,-1.061386,1.9615546326506821e-16,4.258295439480878e-15,14.370764210609016,True
SDK2,-8.294543,-0.78565955,1.0900339506223256e-16,2.390433350912387e-15,14.62152336062098,True
QSOX2,-8.408122,-0.66766846,4.166260332626477e-17,9.275504527643652e-16,15.032662458250673,True
COL19A1,-8.546599,-0.8749221,1.267684947144878e-17,2.881896692574514e-16,15.540321591408556,True
MICU3,-8.762123,-0.6678993,1.9160640599828817e-18,4.4897478015002213e-17,16.347778053538537,True
DLG2,-8.7659,-0.63777643,1.852910898832112e-18,4.3473328082150073e-17,16.36177711130705,True
AC233976.1,-8.84957,-0.5153534,8.785699855870482e-19,2.097605025211789e-17,16.678276285217713,True
PKIA,-8.892379,-0.55165696,5.98143762131404e-19,1.4441068494572236e-17,16.840400672131405,True
AKAP6,-8.954449,-0.96572745,3.414375161501428e-19,8.31058452908787e-18,17.080368428823643,True
SGCE,-8.968385,-0.69603646,3.008949155892864e-19,7.337145106917702e-18,17.134472891786547,True
IFT57,-9.040939,-0.53456736,1.553307474057961e-19,3.813052103151939e-18,17.418727260302838,True
HIP1R,-9.245438,-0.5947261,2.342794455476545e-20,5.938270073746331e-19,18.226340054488293,True
AL109930.1,-9.442906,-0.6766741,3.625812165382744e-21,9.485943607231869e-20,19.022919461503758,True
DENND5B,-9.493108,-0.70350814,2.242472905606763e-21,5.921843493370357e-20,19.227543074633953,True
JADE3,-9.616201,-0.9553561,6.8306915254774515e-22,1.8369591515356367e-20,19.735900500994088,True
FCRL1,-9.658853,-0.8752027,4.508876015428907e-22,1.2215349447869241e-20,19.91309410453086,True
PTPRG,-9.692935,-1.0376554,3.2310662344011484e-22,8.7860516526981e-21,20.056206247870627,True
CNKSR2,-9.776193,-0.64543104,1.4246910363951802e-22,3.932512565844645e-21,20.40532988096958,True
SLC9A7,-9.799977,-0.557038,1.1261099378820145e-22,3.1201173229689335e-21,20.50582907528924,True
GPM6A,-10.312885,-0.9659326,6.162288591415926e-25,1.8548184599869602e-23,22.731698590460848,True
CCDC141,-10.644887,-0.6679844,1.8420771993850603e-26,5.842449529869376e-25,24.233405030582105,True
ABCG1,-10.84515,-0.54431397,2.102916129350706e-27,6.872217254496892e-26,25.16290311941288,True
IGKC,-10.893628,-0.6267401,1.2361516779472722e-27,4.0687398888982107e-26,25.390540073338403,True
CHMP7,-10.895626,-0.5664456,1.2093220762321906e-27,3.984014159511648e-26,25.399679126727545,True
AC120193.1,-10.966574,-0.7262149,5.532935725068359e-28,1.8460435776957794e-26,25.733758051235657,True
STRBP,-11.176546,-0.51178384,5.311747187708497e-29,1.839311814733384e-27,26.73534463947386,True
AGPAT5,-11.593714,-0.62017286,4.434755895568138e-31,1.6346072561298026e-29,28.786586577550988,True
SNED1,-11.753608,-0.5156277,6.766688221275751e-32,2.5393853354669592e-30,29.595271392718534,True
ADAM28,-11.907104,-0.7157143,1.0868800877681472e-32,4.156833656468334e-31,30.38123735425812,True
FAM3C,-11.957251,-0.51923555,5.94995934189538e-33,2.2923627565548715e-31,30.63971665603094,True
PAX5,-12.024011,-0.90776503,2.657525675508523e-33,1.030382386115333e-31,30.987001573973295,True
LINC00926,-12.2083645,-0.9631403,2.8046976647990652e-34,1.1146008602531007e-32,31.952880626089588,True
BX284613.2,-12.26551,-1.2341633,1.3873681822929983e-34,5.54356581223865e-33,32.256210792237006,True
ROR1,-12.329326,-1.1769624,6.297115512993202e-35,2.521670950668099e-33,32.59831158454819,True
ACSM3,-12.483982,-0.94642234,9.130320630463936e-36,3.7632755112118303e-34,33.424433985608125,True
MS4A1,-12.817894,-0.94124144,1.3018951195543972e-37,5.5862442286999396e-36,35.252880081012734,True
OSBPL10,-12.863903,-0.8913219,7.185512081699715e-38,3.1013788644138124e-36,35.50844517711196,True
NELL2,-12.92995,-0.500438,3.050168142706722e-38,1.321174014097145e-36,35.879039976946416,True
BANK1,-13.089645,-0.83238065,3.773639265514539e-39,1.6884959750256434e-37,36.77249997028248,True
COBLL1,-13.274072,-0.8751748,3.2730004875108587e-40,1.5087542927378454e-38,37.8213814812295,True
BLK,-13.460275,-0.9287383,2.6791735543907286e-41,1.2735120943409746e-39,38.894996926255445,True
GNB5,-13.803845,-0.5451125,2.4161418900012717e-43,1.2147418862079194e-41,40.91551599309796,True
RALGPS2,-13.938761,-0.57978725,3.682812545915425e-44,1.8757007233647544e-42,41.72683645410178,True
FAM102A,-13.988998,-0.56882405,1.819562562150929e-44,9.314378928291768e-43,42.03084609804183,True
IGHM,-14.343816,-0.872329,1.1647080326667903e-46,6.362608761736895e-45,44.19636478080945,True
RAB30,-15.684006,-0.77489305,1.9458734935825393e-55,1.2925756032416426e-53,52.888544045440675,True
PLEKHG1,-15.821439,-1.03252,2.213759492206028e-56,1.4977044579340632e-54,53.824573877525374,True
AP000787.1,-16.032879,-0.6937132,7.53108965684573e-58,5.321340010235725e-56,55.273978990680334,True
INPP4B,-17.385302,-0.50957626,1.0662571480802259e-67,9.118242494599149e-66,65.04008886215973,True
AFF3,-17.553026,-0.78703827,5.639369756009269e-69,4.914442200945125e-67,66.3085257683301,True
CCR7,-17.586657,-0.61077243,3.117371064654937e-69,2.736184612408522e-67,66.56285460379202,True
RRAS2,-18.34538,-0.6028916,3.5939407451255003e-75,3.381537923196361e-73,72.47088573769523,True
SNX25,-18.37631,-0.6555883,2.033393747792623e-75,1.9181506330659224e-73,72.71711729052272,True
PATJ,-18.456171,-0.50687754,4.651683394088742e-76,4.45697025934665e-74,73.35096026388213,True
LEF1,-19.200878,-0.56333107,3.6389009007431455e-82,3.871727089188951e-80,79.41209526289165,True
CAMK4,-20.40213,-0.5721455,1.600891042922951e-92,2.070466892650987e-90,89.68393170959722,True
TTN,-20.41627,-0.7021745,1.1987471009587876e-92,1.5558632142621482e-90,89.8080285872322,True
AL589693.1,-20.691639,-1.0045892,4.1196884929874936e-95,5.64736773527473e-93,92.24815393172464,True
NR3C2,-21.233528,-0.5958025,4.681317507386828e-100,6.82633076047272e-98,97.16581267240547,True
CXCR4,-23.008593,-0.51961344,3.823747973532702e-117,6.99764997896352e-115,114.15504778463198,True
SFMBT1,-23.28312,-0.63839406,6.573390318021e-120,1.2465940882377545e-117,116.90427493700749,True
TSHZ2,-24.329512,-0.82499754,9.553469779968298e-131,2.044833610623507e-128,127.68934202502973,True
MGAT5,-24.399765,-0.5338402,1.7200005681631754e-131,3.747246475913118e-129,128.4262877401572,True
NCK2,-25.564157,-0.5495059,3.8216452592867214e-144,9.713613759385645e-142,141.01261916929025,True
SLC38A1,-26.4514,-0.5171822,3.5158390393826985e-154,1.0399233884159671e-151,150.982998654176,True
SKAP1,-28.382689,-0.6443965,3.3076525818795967e-177,1.33036694669643e-174,173.87602855381084,True
RHOH,-28.428825,-0.64318687,8.905203629783012e-178,3.662239978131326e-175,174.43625320078706,True
ETS1,-29.204288,-0.55430937,1.7106640691210288e-187,8.4610831883647e-185,184.07257403499685,True
SESN3,-29.465467,-0.7603239,7.977945873123659e-191,4.0555666236416535e-188,187.39194845974396,True
ZEB1,-30.646574,-0.7163862,2.9354989007946864e-206,1.8849507941751985e-203,202.72469998237975,True
BCL2,-30.65054,-0.74544126,2.599286116626521e-206,1.7297540209935867e-203,202.76201565116048,True
BACH2,-37.30622,-0.9771179,1.301009977939016e-304,2.8010744825027013e-301,300.0,True
